Births(Count) by Mother's Age by Mother's Education Level by County of Residence (Mother),,,,,,,,,,,,,,,,,,,,,,,,,,,,,,,,,,,,,,,,,,,,,,,,,,,,,,,,,,,,,,,,,,,,,,,,,,,,,,,,,,,,,,,,,,,,,,,,,,,,,,,,,,,,,,,,,,,,,,,,,,,,,,,,,,,,,,,,,,,,,,,,,,,,,,,,,,,,,,,,,,,,,,,,,,,,,,,,,,,,,,,,,,,,,,,,,,,,,,,,,,,,,,,,,,,,,,,,,,,,,,,,,,,,,,,,,,,,,,,,,,,,,,,,,,,,,,,,,,,,,,,,,,,,,,,,,,,,,,,,,,,,,,,,,,,,,,,,,,,,,,,,,,,,,,,,,,,,,,,,,,,,,,,,,,,,
Inter-pregnancy interval=< 6 months 6-11 months 12-17 months 18-23 months 24-35 months 36+ months and Year of Birth=2012 and Births=Resident,,,,,,,,,,,,,,,,,,,,,,,,,,,,,,,,,,,,,,,,,,,,,,,,,,,,,,,,,,,,,,,,,,,,,,,,,,,,,,,,,,,,,,,,,,,,,,,,,,,,,,,,,,,,,,,,,,,,,,,,,,,,,,,,,,,,,,,,,,,,,,,,,,,,,,,,,,,,,,,,,,,,,,,,,,,,,,,,,,,,,,,,,,,,,,,,,,,,,,,,,,,,,,,,,,,,,,,,,,,,,,,,,,,,,,,,,,,,,,,,,,,,,,,,,,,,,,,,,,,,,,,,,,,,,,,,,,,,,,,,,,,,,,,,,,,,,,,,,,,,,,,,,,,,,,,,,,,,,,,,,,,,,,,,,,,,
,births,,,,,,,,,,,,,,,,,,,,,,,,,,,,,,,,,,,,,,,,,,,,,,,,,,,,,,,,,,,,,,,,,,,,,,,,,,,,,,,,,,,,,,,,,,,,,,,,,,,,,,,,,,,,,,,,,,,,,,,,,,,,,,,,,,,,,,,,,,,,,,,,,,,,,,,,,,,,,,,,,,,,,,,,,,,,,,,,,,,,,,,,,,,,,,,,,,,,,,,,,,,,,,,,,,,,,,,,,,,,,,,,,,,,,,,,,,,,,,,,,,,,,,,,,,,,,,,,,,,,,,,,,,,,,,,,,,,,,,,,,,,,,,,,,,,,,,,,,,,,,,,,,,,,,,,,,,,,,,,,,,,,,,,,,,,
,13,,14,,15,,,16,,,,17,,,,,,18,,,,,,,19,,,,,,,20,,,,,,,,21,,,,,,,,,22,,,,,,,,,,23,,,,,,,,,,24,,,,,,,,,,25,,,,,,,,,,26,,,,,,,,,,27,,,,,,,,,,28,,,,,,,,,,29,,,,,,,,,,30,,,,,,,,,,31,,,,,,,,,,32,,,,,,,,,,33,,,,,,,,,,34,,,,,,,,,,35,,,,,,,,,,36,,,,,,,,,,37,,,,,,,,,,38,,,,,,,,,,39,,,,,,,,,,40,,,,,,,,,,41,,,,,,,,,,42,,,,,,,,,,43,,,,,,,,,,44,,,,,,,,,,45,,,,,,,,,46,,,,,,,,,47,,,,,,,,,48,,,,,,,,49,,,,,,,50,,,,,54,,999,,,,Total
,8th grade or less,Total,9th-12th grade no diploma,Total,8th grade or less,9th-12th grade no diploma,Total,8th grade or less,9th-12th grade no diploma,HS Graduate or GED,Total,8th grade or less,9th-12th grade no diploma,HS Graduate or GED,Some college but no degree,Unknown,Total,8th grade or less,9th-12th grade no diploma,HS Graduate or GED,Some college but no degree,Associate's Degree,Unknown,Total,8th grade or less,9th-12th grade no diploma,HS Graduate or GED,Some college but no degree,Associate's Degree,Unknown,Total,8th grade or less,9th-12th grade no diploma,HS Graduate or GED,Some college but no degree,Associate's Degree,Bachelor's Degree,Unknown,Total,8th grade or less,9th-12th grade no diploma,HS Graduate or GED,Some college but no degree,Associate's Degree,Bachelor's Degree,Master's Degree,Unknown,Total,8th grade or less,9th-12th grade no diploma,HS Graduate or GED,Some college but no degree,Associate's Degree,Bachelor's Degree,Master's Degree,Doctorate Degree,Unknown,Total,8th grade or less,9th-12th grade no diploma,HS Graduate or GED,Some college but no degree,Associate's Degree,Bachelor's Degree,Master's Degree,Doctorate Degree,Unknown,Total,8th grade or less,9th-12th grade no diploma,HS Graduate or GED,Some college but no degree,Associate's Degree,Bachelor's Degree,Master's Degree,Doctorate Degree,Unknown,Total,8th grade or less,9th-12th grade no diploma,HS Graduate or GED,Some college but no degree,Associate's Degree,Bachelor's Degree,Master's Degree,Doctorate Degree,Unknown,Total,8th grade or less,9th-12th grade no diploma,HS Graduate or GED,Some college but no degree,Associate's Degree,Bachelor's Degree,Master's Degree,Doctorate Degree,Unknown,Total,8th grade or less,9th-12th grade no diploma,HS Graduate or GED,Some college but no degree,Associate's Degree,Bachelor's Degree,Master's Degree,Doctorate Degree,Unknown,Total,8th grade or less,9th-12th grade no diploma,HS Graduate or GED,Some college but no degree,Associate's Degree,Bachelor's Degree,Master's Degree,Doctorate Degree,Unknown,Total,8th grade or less,9th-12th grade no diploma,HS Graduate or GED,Some college but no degree,Associate's Degree,Bachelor's Degree,Master's Degree,Doctorate Degree,Unknown,Total,8th grade or less,9th-12th grade no diploma,HS Graduate or GED,Some college but no degree,Associate's Degree,Bachelor's Degree,Master's Degree,Doctorate Degree,Unknown,Total,8th grade or less,9th-12th grade no diploma,HS Graduate or GED,Some college but no degree,Associate's Degree,Bachelor's Degree,Master's Degree,Doctorate Degree,Unknown,Total,8th grade or less,9th-12th grade no diploma,HS Graduate or GED,Some college but no degree,Associate's Degree,Bachelor's Degree,Master's Degree,Doctorate Degree,Unknown,Total,8th grade or less,9th-12th grade no diploma,HS Graduate or GED,Some college but no degree,Associate's Degree,Bachelor's Degree,Master's Degree,Doctorate Degree,Unknown,Total,8th grade or less,9th-12th grade no diploma,HS Graduate or GED,Some college but no degree,Associate's Degree,Bachelor's Degree,Master's Degree,Doctorate Degree,Unknown,Total,8th grade or less,9th-12th grade no diploma,HS Graduate or GED,Some college but no degree,Associate's Degree,Bachelor's Degree,Master's Degree,Doctorate Degree,Unknown,Total,8th grade or less,9th-12th grade no diploma,HS Graduate or GED,Some college but no degree,Associate's Degree,Bachelor's Degree,Master's Degree,Doctorate Degree,Unknown,Total,8th grade or less,9th-12th grade no diploma,HS Graduate or GED,Some college but no degree,Associate's Degree,Bachelor's Degree,Master's Degree,Doctorate Degree,Unknown,Total,8th grade or less,9th-12th grade no diploma,HS Graduate or GED,Some college but no degree,Associate's Degree,Bachelor's Degree,Master's Degree,Doctorate Degree,Unknown,Total,8th grade or less,9th-12th grade no diploma,HS Graduate or GED,Some college but no degree,Associate's Degree,Bachelor's Degree,Master's Degree,Doctorate Degree,Unknown,Total,8th grade or less,9th-12th grade no diploma,HS Graduate or GED,Some college but no degree,Associate's Degree,Bachelor's Degree,Master's Degree,Doctorate Degree,Unknown,Total,8th grade or less,9th-12th grade no diploma,HS Graduate or GED,Some college but no degree,Associate's Degree,Bachelor's Degree,Master's Degree,Doctorate Degree,Unknown,Total,8th grade or less,9th-12th grade no diploma,HS Graduate or GED,Some college but no degree,Associate's Degree,Bachelor's Degree,Master's Degree,Doctorate Degree,Unknown,Total,8th grade or less,9th-12th grade no diploma,HS Graduate or GED,Some college but no degree,Associate's Degree,Bachelor's Degree,Master's Degree,Doctorate Degree,Unknown,Total,8th grade or less,9th-12th grade no diploma,HS Graduate or GED,Some college but no degree,Associate's Degree,Bachelor's Degree,Master's Degree,Doctorate Degree,Unknown,Total,8th grade or less,9th-12th grade no diploma,HS Graduate or GED,Some college but no degree,Associate's Degree,Bachelor's Degree,Master's Degree,Doctorate Degree,Total,8th grade or less,9th-12th grade no diploma,HS Graduate or GED,Some college but no degree,Associate's Degree,Bachelor's Degree,Master's Degree,Doctorate Degree,Total,8th grade or less,9th-12th grade no diploma,HS Graduate or GED,Some college but no degree,Associate's Degree,Bachelor's Degree,Master's Degree,Doctorate Degree,Total,9th-12th grade no diploma,HS Graduate or GED,Some college but no degree,Associate's Degree,Bachelor's Degree,Master's Degree,Doctorate Degree,Total,9th-12th grade no diploma,Some college but no degree,Associate's Degree,Bachelor's Degree,Master's Degree,Doctorate Degree,Total,Associate's Degree,Bachelor's Degree,Master's Degree,Doctorate Degree,Total,Doctorate Degree,Total,8th grade or less,Associate's Degree,Bachelor's Degree,Total,
Alachua,0,0,0,0,0,0,0,0,0,0,0,1,3,1,0,0,5,1,7,8,0,0,0,16,0,10,6,12,0,0,28,0,11,19,13,0,0,0,43,1,9,18,17,2,0,0,0,47,0,26,35,17,3,1,0,0,0,82,1,13,27,22,7,4,0,0,0,74,1,13,23,18,2,7,1,0,0,65,2,8,32,28,6,7,3,1,0,87,2,12,27,22,14,12,3,0,0,92,0,8,27,28,11,21,6,1,0,102,2,8,17,26,15,24,8,5,0,105,1,12,13,23,10,28,7,6,0,100,1,8,14,26,25,25,16,4,1,120,1,5,14,21,16,32,17,7,1,114,0,2,9,23,10,31,17,8,0,100,2,0,6,14,18,17,19,11,0,87,2,4,12,13,8,27,24,12,0,102,1,4,2,10,5,30,9,14,0,75,0,2,4,8,5,20,13,9,0,61,0,1,7,6,2,15,4,8,1,44,1,5,5,2,1,12,5,4,0,35,0,0,2,6,2,7,5,2,0,24,0,1,2,0,2,10,2,4,0,21,0,0,3,3,1,3,4,1,0,15,0,0,0,2,3,0,0,2,0,7,0,0,0,2,0,0,3,0,0,5,0,1,0,0,0,1,0,0,0,2,0,0,1,0,0,0,0,0,1,0,0,0,0,0,0,0,0,0,0,0,0,0,0,0,0,0,0,0,0,0,0,0,0,0,0,0,0,1,0,0,0,1,0,0,0,0,0,0,0,0,0,0,0,1660
Baker,0,0,0,0,0,0,0,0,0,0,0,0,0,0,0,0,0,1,2,4,0,0,0,7,1,1,2,1,0,0,5,0,5,7,2,0,0,0,14,0,3,6,1,0,0,0,0,10,0,1,3,1,2,0,0,0,0,7,1,1,6,4,1,0,0,0,0,13,0,2,11,3,0,2,0,0,0,18,0,5,3,2,2,1,0,1,0,14,0,3,2,6,3,3,0,0,0,17,0,1,4,8,2,1,0,0,0,16,0,3,6,3,3,4,1,0,0,20,2,0,6,2,3,1,0,0,0,14,0,1,3,0,0,0,2,0,0,6,0,0,1,1,1,0,0,0,0,3,2,1,4,3,0,2,0,0,0,12,0,0,1,2,0,2,0,0,0,5,0,0,1,5,0,2,0,0,0,8,0,0,2,1,0,1,1,0,0,5,0,0,0,3,3,0,0,0,0,6,0,0,2,1,0,1,0,0,0,4,0,0,0,0,0,0,0,0,0,0,0,1,0,1,0,0,0,0,0,2,0,0,0,0,0,0,0,0,0,0,0,0,0,0,1,0,0,0,0,1,0,0,0,0,0,0,0,0,0,0,0,0,0,0,0,0,0,0,0,0,0,0,0,0,0,0,0,0,0,0,0,0,0,0,0,0,0,0,0,0,0,0,0,0,0,0,0,0,0,0,0,0,0,0,0,0,0,0,0,0,0,0,0,0,0,0,0,0,0,0,0,0,0,0,0,0,0,0,0,0,0,0,0,207
Bay,0,0,0,0,0,0,0,1,0,0,1,2,1,0,0,0,3,2,5,6,0,0,0,13,2,12,17,0,1,1,33,3,23,14,5,0,0,2,47,2,17,39,24,2,0,0,2,86,8,20,26,17,5,2,0,0,0,78,2,16,41,20,4,5,0,0,2,90,2,20,21,28,7,2,0,0,1,81,0,17,33,16,13,5,1,0,1,86,3,9,29,38,8,5,2,0,0,94,0,17,36,37,7,8,2,0,0,107,1,5,24,18,8,15,3,0,2,76,0,2,12,28,7,15,3,1,1,69,0,6,22,22,9,17,3,1,2,82,1,8,24,19,6,9,8,0,4,79,1,5,18,20,8,13,8,2,1,76,1,2,11,10,7,11,3,3,2,50,1,2,10,10,1,8,4,0,0,36,0,1,12,10,3,4,3,0,1,34,0,0,8,7,4,7,1,0,1,28,0,1,4,6,3,7,3,0,2,26,1,0,6,4,0,5,3,0,1,20,0,1,4,5,0,2,1,2,0,15,0,0,0,3,1,4,3,0,0,11,0,0,2,0,0,0,0,1,2,5,0,0,1,3,0,0,0,0,0,4,0,0,0,0,0,1,0,0,1,2,0,0,3,0,0,1,1,0,0,5,0,0,0,0,0,0,0,0,0,0,0,0,0,0,0,0,0,0,0,0,0,0,0,0,0,0,0,0,0,0,0,0,0,0,0,0,0,0,0,0,0,0,0,0,0,0,0,0,0,0,0,0,0,1337
Bradford,0,0,0,0,0,0,0,0,0,0,0,0,1,0,0,0,1,0,0,2,1,0,0,3,0,2,1,0,0,0,3,0,1,3,2,0,0,0,6,0,3,6,1,0,0,0,0,10,0,3,7,3,2,0,0,0,0,15,0,2,11,2,1,0,0,0,0,16,0,5,9,2,2,1,0,0,0,19,0,1,9,5,1,1,0,0,0,17,0,1,5,3,3,1,0,0,0,13,0,1,5,3,2,0,0,0,0,11,0,1,3,2,2,3,0,0,0,11,0,1,6,3,2,1,0,0,0,13,0,1,6,0,3,2,1,0,0,13,0,0,3,3,2,2,1,0,0,11,0,1,2,5,0,1,0,0,0,9,0,0,5,0,2,0,0,0,0,7,0,0,2,2,0,0,0,0,0,4,0,1,1,1,0,0,0,0,0,3,0,1,0,0,0,1,1,0,0,3,0,0,1,0,0,1,0,0,0,2,0,0,2,0,1,0,0,0,0,3,0,0,1,0,0,0,0,0,0,1,0,1,1,0,0,0,0,0,0,2,0,0,0,0,0,0,0,0,0,0,0,0,0,0,0,0,0,0,0,0,0,0,0,0,0,1,0,0,0,1,0,0,0,0,0,1,0,0,0,1,0,0,0,0,0,0,0,0,0,0,0,0,0,0,0,0,0,0,0,0,0,0,0,0,0,0,0,0,0,0,0,0,0,0,0,0,0,0,0,0,0,0,0,0,0,0,0,0,0,0,0,0,0,198
Brevard,0,0,0,0,0,0,0,0,1,0,1,1,2,2,1,0,6,1,10,8,1,0,0,20,1,15,16,5,0,0,37,3,11,30,11,1,0,0,56,2,20,33,39,6,0,0,0,100,6,22,49,30,11,1,0,0,1,120,4,25,58,51,8,2,0,0,0,148,4,16,52,46,18,10,0,0,1,147,2,19,47,48,20,11,1,0,1,149,3,19,53,71,17,27,3,0,0,193,3,19,46,47,30,35,5,0,0,185,4,13,43,44,35,28,9,0,1,177,4,13,51,51,35,49,8,1,0,212,1,14,43,59,34,53,16,3,0,223,5,8,32,49,38,47,25,2,0,206,2,8,13,36,42,36,18,1,0,156,0,10,47,24,23,33,15,6,0,158,3,7,13,24,23,29,22,4,1,126,4,7,16,20,20,19,13,3,1,103,0,3,13,16,17,21,11,2,0,83,5,3,15,19,18,24,12,3,0,99,0,4,11,15,8,10,4,3,1,56,0,2,7,13,8,11,5,2,0,48,0,3,5,7,10,15,7,2,0,49,2,2,3,10,0,6,6,1,0,30,0,0,5,1,2,3,4,0,0,15,0,0,1,2,0,4,1,0,0,8,0,0,1,0,0,1,1,0,0,3,0,0,0,0,0,1,0,0,1,0,0,0,0,2,1,0,0,3,0,1,0,0,0,0,0,0,1,0,0,0,0,0,1,0,1,0,0,0,0,0,0,0,0,0,0,0,0,0,0,0,0,0,0,2920
Broward,0,0,0,0,0,1,1,1,6,0,7,2,10,3,0,0,15,5,28,20,2,1,0,56,3,52,48,16,1,1,121,4,78,80,37,6,1,1,207,11,61,140,59,14,1,0,2,288,11,63,163,80,19,2,1,0,1,340,9,79,170,120,31,13,0,0,1,423,16,67,175,104,48,27,2,0,2,441,22,42,219,144,51,42,10,1,4,535,13,63,187,145,63,63,8,3,6,551,20,56,220,144,69,79,22,3,4,617,16,65,202,142,86,115,31,6,4,667,19,52,213,168,82,144,56,15,3,752,17,66,192,145,100,160,57,6,10,753,20,47,184,143,95,190,64,16,8,767,23,50,207,137,93,191,73,20,3,797,14,43,154,132,83,193,99,24,3,745,13,33,139,113,70,164,106,21,3,662,9,30,132,121,65,136,75,18,2,588,6,32,112,101,58,148,71,20,10,558,13,29,90,90,47,128,61,15,0,473,6,22,63,54,53,95,51,18,1,363,6,19,65,45,22,79,32,6,2,276,2,10,51,42,24,61,23,11,0,224,2,11,42,21,16,46,15,7,1,161,1,6,23,18,11,23,21,6,1,110,4,3,9,9,7,11,5,2,3,53,0,5,6,7,5,11,5,1,1,41,0,1,2,0,2,5,3,1,14,0,0,1,2,1,5,4,0,13,0,0,1,1,0,0,1,0,3,0,0,0,0,0,0,0,0,0,0,0,1,0,0,1,0,1,1,1,3,0,0,0,0,0,0,11626
Calhoun,0,0,0,0,0,0,0,0,0,0,0,0,0,0,0,0,0,0,0,1,1,0,0,2,0,1,2,0,0,0,3,0,1,2,1,0,0,0,4,0,3,5,2,0,0,0,0,10,1,1,1,2,1,0,0,0,0,6,0,1,1,3,0,0,0,0,0,5,0,2,3,2,1,0,0,0,0,8,0,1,4,0,0,0,0,0,0,5,0,0,2,1,1,1,0,0,0,5,1,2,2,1,0,2,0,0,0,8,1,0,2,1,0,0,0,0,0,4,0,0,1,1,1,2,0,0,0,5,0,0,1,0,1,2,0,0,0,4,0,1,0,0,0,0,0,0,0,1,0,0,0,4,1,1,0,0,0,6,0,0,1,0,0,0,0,0,0,1,0,0,0,0,0,0,0,0,0,0,0,0,1,0,1,1,0,0,0,3,0,0,0,1,0,0,1,1,0,3,0,0,0,0,0,0,0,0,0,0,0,0,0,0,1,0,0,0,1,2,0,0,1,0,0,0,0,0,0,1,0,0,0,0,0,0,0,0,0,0,0,0,1,0,0,1,0,0,0,2,0,0,0,0,1,0,0,0,0,1,0,0,0,0,0,0,0,0,0,0,0,0,0,0,0,0,0,0,0,0,0,0,0,0,0,0,0,0,0,0,0,0,0,1,0,0,0,1,0,0,0,0,0,0,0,0,0,0,0,0,0,0,0,0,0,0,0,0,0,0,0,0,0,0,0,0,0,0,0,0,0,0,0,90
Charlotte,0,0,0,0,0,0,0,0,0,0,0,0,1,0,0,0,1,0,1,2,0,0,0,3,0,5,7,0,0,0,12,0,5,6,4,0,0,0,15,0,5,12,6,0,0,0,0,23,1,8,17,6,0,0,0,0,0,32,0,5,20,7,1,1,0,0,0,34,1,6,17,10,1,0,0,0,2,37,1,6,16,11,7,1,1,0,0,43,2,1,19,18,5,0,1,0,0,46,1,3,12,8,3,4,1,0,1,33,1,4,12,10,7,6,1,0,0,41,0,3,12,10,1,2,2,0,0,30,1,1,9,11,6,8,3,0,0,39,0,3,8,8,5,12,0,0,0,36,1,3,8,6,3,5,0,1,0,27,2,3,4,2,3,4,2,0,0,20,0,1,7,4,6,2,2,0,0,22,1,0,8,3,2,4,0,0,1,19,0,0,5,2,5,3,3,0,0,18,0,1,4,3,2,2,1,0,0,13,1,1,6,3,2,2,1,0,0,16,0,1,5,3,0,1,1,0,0,11,0,0,0,0,0,2,0,0,0,2,0,0,0,0,0,1,0,0,0,1,0,0,0,1,0,1,0,0,0,2,0,0,0,2,0,1,0,0,0,3,0,0,1,0,0,0,0,0,0,1,0,0,0,1,0,0,0,0,1,0,0,0,0,0,0,0,0,0,0,0,0,0,0,0,0,0,0,0,0,0,0,0,0,0,0,0,0,0,0,0,0,0,0,0,0,0,0,0,0,0,0,0,0,581
Citrus,0,0,0,0,0,0,0,0,1,0,1,0,4,0,0,0,4,0,3,3,0,0,0,6,0,4,5,4,0,0,13,0,4,7,3,0,0,0,14,4,8,19,8,0,0,0,0,39,1,14,24,7,0,0,0,0,0,46,0,4,23,8,3,0,0,0,0,38,0,8,29,13,3,0,0,0,0,53,0,7,16,13,3,3,0,0,0,42,2,8,13,13,5,2,0,0,0,43,1,3,17,16,3,2,0,0,1,43,0,2,19,13,4,3,0,0,0,41,0,2,13,10,5,3,4,0,0,37,0,4,9,16,5,1,3,0,0,38,1,2,4,7,4,6,1,0,0,25,0,1,14,4,5,8,0,2,1,35,0,3,9,3,1,5,1,0,0,22,0,2,5,11,2,2,1,1,0,24,1,1,3,7,2,2,2,1,0,19,0,0,3,3,1,4,1,1,0,13,0,2,2,6,0,2,0,0,0,12,0,0,2,3,1,3,1,1,0,11,0,0,1,2,1,2,0,0,0,6,0,0,3,0,2,1,0,0,0,6,0,0,0,2,0,0,0,0,0,2,0,1,0,0,0,2,0,0,0,3,0,0,0,0,1,0,0,0,0,1,0,0,0,1,0,0,1,0,0,2,0,0,0,0,0,0,0,0,0,0,0,0,0,0,0,0,0,0,0,0,0,0,0,0,0,0,0,0,0,0,0,0,0,0,0,0,0,0,0,0,0,0,0,0,0,0,0,0,0,0,0,0,0,639
Clay,0,0,0,0,0,0,0,0,0,1,1,1,1,2,0,0,4,2,1,5,1,0,0,9,0,3,5,2,1,0,11,0,5,16,5,2,0,0,28,0,7,14,9,1,0,0,0,31,1,5,19,15,2,0,0,0,0,42,0,6,23,17,2,1,0,0,0,49,0,3,15,24,3,3,0,0,0,48,1,13,16,13,7,9,1,0,0,60,0,7,38,26,11,12,1,0,0,95,0,5,19,21,15,8,0,0,0,68,1,8,19,22,7,15,3,0,1,76,0,8,21,31,12,21,2,0,0,95,2,1,18,17,11,15,6,0,0,70,0,6,18,16,9,26,7,0,1,83,0,1,17,19,10,18,9,2,0,76,1,5,10,18,8,21,14,1,0,78,0,1,12,11,8,7,11,2,0,52,1,4,10,10,6,18,9,0,1,59,0,2,4,9,5,10,4,1,0,35,0,1,6,8,2,10,5,1,0,33,0,0,4,5,5,3,1,0,0,18,0,0,4,6,2,5,4,1,0,22,1,2,2,10,4,3,3,0,0,25,0,1,1,2,2,6,2,0,0,14,0,0,3,3,1,1,0,0,0,8,0,0,1,0,0,2,0,0,0,3,0,0,0,0,0,0,0,0,1,1,0,0,0,1,0,0,0,0,1,0,0,0,0,0,0,0,0,0,0,0,0,0,0,0,0,0,0,0,0,0,0,0,0,0,0,0,0,0,0,0,0,0,0,0,0,0,0,0,0,0,0,0,0,1195
Collier,0,0,0,0,0,0,0,0,0,0,0,0,0,0,0,0,0,0,10,2,1,0,0,13,3,6,16,0,0,0,25,7,12,19,3,2,1,0,44,7,12,36,8,2,0,0,0,65,7,9,29,16,2,0,0,0,0,63,10,16,36,16,2,0,0,0,0,80,16,18,43,15,10,4,0,0,0,106,14,12,44,9,5,7,1,0,0,92,15,8,36,17,4,5,4,0,0,89,18,10,47,18,10,17,2,0,0,122,27,9,43,18,7,15,4,0,0,123,25,15,42,19,10,20,6,0,0,137,15,15,42,19,11,20,10,0,0,132,23,10,38,11,18,26,5,0,0,131,13,11,32,15,12,18,10,0,0,111,23,7,34,14,7,13,13,1,0,112,9,9,37,16,16,13,14,2,0,116,15,4,30,13,11,12,7,2,0,94,16,5,18,9,5,13,4,4,0,74,12,7,19,8,7,10,6,0,0,69,9,5,7,10,3,9,4,0,0,47,7,6,17,4,3,8,2,1,0,48,4,3,12,4,1,5,1,1,0,31,2,2,4,1,1,5,3,1,0,19,2,4,7,1,2,1,5,0,0,22,1,1,2,2,0,2,2,0,0,10,1,0,1,1,0,0,0,0,0,3,1,0,2,1,1,0,0,0,5,1,0,1,0,0,0,0,0,2,1,0,2,0,0,0,0,0,3,0,0,0,0,0,0,0,0,0,0,0,0,0,0,0,0,0,1,0,1,0,0,0,0,0,0,1989
Columbia,0,0,0,0,0,0,0,0,0,0,0,0,0,0,0,0,0,0,2,3,0,0,0,5,1,5,1,0,0,0,7,0,4,6,3,0,0,0,13,1,8,10,8,0,0,0,0,27,1,9,14,10,1,0,0,0,0,35,1,3,16,6,3,0,0,0,0,29,1,3,14,12,3,1,0,0,0,34,2,12,16,12,0,1,1,0,0,44,1,8,16,18,0,3,0,0,0,46,0,3,13,11,4,2,1,0,0,34,1,8,12,10,3,1,0,0,0,35,1,4,12,11,4,4,0,0,0,36,0,3,9,7,4,5,2,0,0,30,0,2,11,11,1,1,2,0,0,28,0,1,10,5,5,5,2,0,0,28,0,2,1,4,1,3,0,0,0,11,0,1,4,4,2,2,0,0,0,13,0,2,3,0,2,3,1,1,0,12,0,2,3,2,1,2,0,0,0,10,0,0,0,1,0,0,0,0,0,1,1,1,2,4,2,4,0,0,0,14,0,0,1,2,0,1,1,0,0,5,0,0,1,4,0,0,0,0,0,5,0,0,0,1,1,0,0,0,0,2,0,0,1,1,0,0,0,0,0,2,0,0,3,0,1,0,0,0,0,4,0,0,0,1,0,0,0,0,0,1,0,0,1,0,0,0,0,0,1,0,0,0,0,0,0,0,0,0,0,0,0,0,0,0,0,0,0,0,0,0,0,0,0,0,0,0,0,0,0,0,0,0,0,0,0,0,0,0,0,0,0,0,0,512
Miami-Dade,0,0,0,0,0,2,2,2,5,0,7,3,16,12,1,0,32,8,33,26,1,0,0,68,12,59,93,11,1,0,176,11,85,151,32,9,0,0,288,28,87,207,70,14,3,0,0,409,18,99,315,75,33,7,1,0,0,548,30,99,326,106,46,30,1,0,2,640,39,82,346,142,69,38,4,0,0,720,34,89,372,134,79,50,5,0,1,764,41,84,368,161,107,83,14,3,0,861,62,77,377,152,114,108,37,3,2,932,53,78,354,158,115,136,38,5,1,938,51,79,340,174,126,180,63,8,1,1022,50,80,343,146,121,197,72,19,2,1030,53,59,339,136,119,217,89,22,2,1036,53,59,318,139,126,228,103,31,0,1057,51,53,286,122,109,227,113,38,1,1000,48,39,242,105,120,228,94,36,2,914,39,55,246,109,101,201,92,39,3,885,29,37,213,91,83,165,86,29,3,736,40,24,199,80,87,149,71,30,0,680,31,34,141,56,82,114,67,21,0,546,18,23,125,53,54,96,62,17,2,450,12,15,99,44,39,80,37,15,0,341,12,12,72,30,33,44,25,4,1,233,4,10,41,16,23,40,15,3,0,152,3,6,31,10,13,19,10,1,0,93,0,3,13,8,2,7,7,4,0,44,1,0,6,5,1,4,2,0,19,0,1,5,0,1,5,0,1,13,1,0,1,0,0,1,0,0,3,0,1,0,0,0,1,0,2,0,0,0,0,1,1,2,1,0,0,0,1,1,1,0,0,1,1,16646
Desoto,0,0,0,0,0,0,0,0,0,0,0,1,1,0,0,0,2,1,1,0,0,0,0,2,0,1,2,0,0,0,3,0,5,7,0,0,0,0,12,2,6,6,2,1,0,0,0,17,5,3,8,0,0,0,0,0,0,16,1,3,8,0,0,0,0,0,0,12,7,0,8,3,1,0,0,0,0,19,0,6,7,1,0,0,0,0,0,14,2,3,6,2,3,0,0,0,0,16,2,3,4,0,1,1,0,0,0,11,2,4,2,3,2,0,0,0,0,13,3,3,4,6,1,1,0,0,0,18,3,2,6,5,0,1,0,0,0,17,1,3,3,2,1,1,1,0,0,12,6,2,4,3,0,3,1,0,0,19,4,2,0,0,0,1,0,0,0,7,3,3,3,0,1,0,0,0,0,10,3,0,3,1,0,0,0,0,0,7,2,1,1,0,0,1,0,0,0,5,1,1,0,0,0,0,0,0,0,2,3,1,1,0,0,0,0,0,0,5,0,1,0,0,0,0,0,0,0,1,1,0,0,0,0,0,0,0,0,1,0,0,0,0,0,0,0,0,0,0,0,0,0,0,0,0,0,0,0,0,1,0,0,0,0,0,0,0,0,1,0,0,0,0,0,0,0,0,0,0,0,0,0,0,0,0,0,0,0,0,0,0,0,0,0,0,0,0,0,0,0,0,0,0,0,0,0,0,0,0,0,0,0,0,0,0,0,0,0,0,0,0,0,0,0,0,0,0,0,0,0,0,0,242
Dixie,0,0,0,0,0,0,0,0,0,0,0,0,0,0,0,0,0,0,1,0,0,0,0,1,0,1,1,0,0,0,2,0,3,1,1,0,0,0,5,0,0,6,1,0,0,0,0,7,0,3,3,2,1,0,0,0,0,9,0,2,4,2,0,1,0,0,0,9,2,0,5,2,0,0,0,0,0,9,0,0,6,1,0,0,0,0,0,7,0,4,2,1,1,0,0,0,0,8,0,0,2,0,0,0,0,0,0,2,0,0,4,1,1,0,0,0,0,6,0,2,4,4,1,2,0,0,0,13,0,1,1,0,0,0,0,0,0,2,0,0,2,0,1,0,0,0,0,3,0,1,0,1,0,1,0,0,0,3,0,1,0,0,0,0,0,0,0,1,0,0,0,1,0,1,0,0,0,2,0,0,0,0,0,0,0,0,0,0,0,0,0,0,0,0,0,0,0,0,0,0,0,1,0,0,0,0,0,1,0,1,0,0,0,0,0,0,0,1,0,0,0,0,0,0,0,0,0,0,0,0,0,0,0,0,0,0,0,0,0,0,0,0,0,0,0,0,0,0,0,0,0,0,0,0,0,0,0,0,0,0,1,0,0,0,0,0,0,1,0,0,0,0,0,0,0,0,0,0,0,0,1,0,0,0,0,0,1,0,0,0,0,0,0,0,0,0,0,0,0,0,0,0,0,0,0,0,0,0,0,0,0,0,0,0,0,0,0,0,0,0,0,0,0,0,0,0,0,0,0,0,0,93
Duval,0,0,0,0,0,1,1,0,2,0,2,0,10,2,0,0,12,7,20,13,2,0,0,42,4,38,64,13,1,0,120,11,66,116,20,3,0,0,216,15,78,105,63,7,1,0,0,269,15,70,144,92,12,4,0,0,4,341,20,69,141,105,14,11,0,0,3,363,16,71,173,112,26,24,0,0,0,422,13,64,162,134,37,34,7,0,3,454,13,52,165,133,54,48,5,1,2,473,11,48,139,128,49,76,7,1,3,462,13,48,148,131,59,66,24,5,2,496,18,35,123,112,49,94,27,3,2,463,13,39,119,118,42,80,24,9,3,447,13,36,98,73,32,112,43,11,1,419,6,15,90,70,40,98,42,10,2,373,14,17,92,71,36,95,47,11,2,385,7,15,48,61,25,93,41,6,1,297,7,10,46,44,33,65,32,15,1,253,5,10,53,39,23,55,26,13,0,224,6,6,30,30,14,48,17,7,2,160,4,5,28,28,15,22,17,5,3,127,3,4,22,22,16,31,23,8,1,130,0,4,16,11,5,26,6,5,0,73,1,3,11,8,5,21,6,4,1,60,3,2,5,6,2,12,1,0,0,31,0,1,4,2,0,1,2,1,1,12,0,0,2,3,2,5,5,1,0,18,0,0,1,2,0,0,1,0,4,0,0,1,0,1,0,0,1,3,0,0,0,0,0,0,1,0,1,0,0,1,0,1,0,0,2,1,0,0,0,0,0,1,0,0,0,0,0,0,0,0,0,0,0,7156
Escambia,0,0,0,0,0,0,0,0,2,0,2,0,5,0,0,0,5,0,13,7,2,0,0,22,2,16,19,3,1,0,41,1,18,47,7,0,0,0,73,2,23,64,11,2,1,0,0,103,3,25,83,17,2,0,0,0,0,130,3,22,71,17,4,3,0,0,0,120,2,28,69,25,7,8,0,0,0,139,0,24,72,16,7,14,2,0,0,135,2,19,69,19,17,14,4,1,1,146,1,8,73,20,25,16,7,2,0,152,0,18,69,18,24,13,4,1,0,147,2,17,44,16,15,25,5,0,0,124,1,7,42,17,25,21,5,0,0,118,0,8,44,10,26,20,8,3,0,119,1,7,32,10,19,17,9,2,0,97,1,5,30,13,17,21,10,1,0,98,2,6,29,6,8,16,8,2,0,77,0,3,22,9,11,21,9,3,1,79,0,3,13,8,2,16,3,2,0,47,2,3,7,2,9,8,10,0,0,41,0,3,7,2,3,16,6,1,0,38,0,2,9,2,3,10,4,2,0,32,1,0,7,2,3,3,2,1,0,19,0,0,9,1,3,1,1,2,0,17,0,0,2,0,1,3,1,0,0,7,0,0,2,0,0,0,0,0,0,2,0,0,2,0,0,0,0,0,0,2,0,0,0,0,0,0,0,0,0,0,0,0,0,0,0,0,0,0,0,0,0,0,0,0,0,0,0,0,0,0,0,0,0,0,0,0,0,0,0,0,0,0,0,0,0,0,0,0,0,0,0,0,0,2132
Flagler,0,0,0,0,0,0,0,0,0,0,0,0,0,1,0,0,1,0,3,0,1,0,0,4,0,2,2,3,0,0,7,0,4,8,0,0,0,0,12,0,1,6,5,1,0,0,0,13,0,3,7,5,3,1,0,0,0,19,0,3,1,7,1,1,0,0,1,14,0,0,6,9,3,2,0,0,0,20,2,3,6,10,3,5,0,0,0,29,1,3,7,9,3,2,0,0,1,26,0,1,5,5,7,3,1,0,0,22,0,0,10,10,6,1,0,0,1,28,0,0,7,10,4,7,1,0,0,29,0,2,5,6,4,5,0,0,0,22,1,1,5,14,4,4,3,0,0,32,1,3,1,7,3,7,2,1,0,25,0,2,2,9,5,7,4,0,0,29,0,0,6,9,6,6,0,0,0,27,0,1,2,3,6,5,2,0,0,19,1,0,5,5,2,2,2,0,0,17,0,1,2,1,4,0,2,1,0,11,0,0,3,0,2,0,1,0,0,6,0,0,1,4,2,0,0,0,0,7,0,0,2,1,0,2,1,1,0,7,1,0,0,0,0,3,0,0,0,4,0,0,0,1,0,2,0,0,0,3,0,0,1,0,0,1,0,0,0,2,0,0,0,0,0,0,0,0,0,0,0,0,0,0,0,0,0,0,0,0,0,0,0,0,0,0,0,0,0,0,0,0,0,0,0,0,0,0,0,0,0,0,0,0,0,0,0,0,0,0,0,0,0,0,0,0,0,0,0,0,0,0,0,435
Franklin,0,0,0,0,0,0,0,0,0,0,0,0,0,0,0,0,0,0,1,0,0,0,0,1,0,1,0,0,0,0,1,0,1,1,0,0,0,0,2,1,0,0,1,0,0,0,0,2,0,0,3,1,0,0,0,0,1,5,1,1,5,0,0,0,0,0,0,7,1,1,1,2,0,1,0,0,0,6,0,0,1,2,0,0,0,0,1,4,0,0,3,0,2,0,0,0,0,5,1,0,2,3,1,0,0,0,0,7,0,1,0,0,0,0,1,0,0,2,0,0,0,1,0,0,1,0,0,2,0,0,1,2,0,1,0,0,0,4,0,2,0,0,0,0,0,0,0,2,0,0,0,0,0,0,0,0,1,1,0,1,0,1,0,1,0,0,0,3,0,1,0,1,0,0,1,0,0,3,0,0,2,0,1,1,0,0,0,4,0,0,2,0,0,0,0,0,0,2,0,0,0,0,0,0,0,0,0,0,1,0,0,0,0,0,0,0,0,1,0,0,0,0,0,0,1,0,0,1,0,0,0,0,0,0,1,0,0,1,0,0,0,0,0,0,0,0,0,0,0,0,0,2,0,0,0,0,0,2,0,0,1,0,0,0,0,0,0,1,0,0,0,0,0,0,0,0,0,0,0,0,0,0,0,0,0,0,0,0,0,0,0,0,0,0,0,0,0,0,0,0,0,0,0,0,0,0,0,0,0,0,0,0,0,0,0,0,0,0,0,0,0,0,0,0,0,0,0,0,0,0,0,69
Gadsden,0,0,0,0,0,0,0,0,0,0,0,1,1,0,0,0,2,0,1,3,0,0,0,4,0,2,3,2,0,0,7,0,4,2,3,0,0,0,9,1,3,11,4,0,0,0,2,21,0,2,5,4,0,0,0,0,1,12,2,1,10,6,0,0,0,0,0,19,1,6,7,8,0,0,0,0,0,22,0,5,8,4,0,1,0,0,2,20,2,5,6,2,2,1,0,0,1,19,3,4,5,3,4,4,0,0,1,24,3,2,5,6,3,2,0,0,1,22,0,4,5,5,1,1,0,0,0,16,3,3,7,2,1,1,1,0,0,18,2,2,4,2,1,1,1,0,0,13,2,0,3,4,1,2,1,0,0,13,3,2,3,0,0,2,2,0,1,13,1,0,5,1,2,1,2,2,0,14,1,1,4,2,1,0,1,0,0,10,1,1,1,2,1,1,0,0,1,8,0,1,1,0,0,2,0,0,0,4,2,0,0,0,0,1,0,0,0,3,0,0,0,2,1,0,0,1,0,4,0,0,0,0,0,0,1,0,0,1,0,0,0,0,0,1,0,0,0,1,0,0,1,0,0,0,0,0,0,1,0,0,0,0,0,0,0,0,0,0,0,0,0,0,0,0,0,0,0,0,0,0,0,0,0,0,0,0,0,0,0,0,0,0,0,0,0,0,0,0,0,0,0,0,0,0,0,0,0,0,0,0,0,0,0,0,0,0,0,0,0,0,0,0,0,0,0,0,0,0,0,0,0,300
Gilchrist,0,0,0,0,0,0,0,0,0,0,0,0,0,0,0,0,0,0,0,0,0,0,0,0,0,0,0,1,0,0,1,0,0,0,1,0,0,0,1,1,1,7,0,0,0,0,0,9,0,2,4,0,1,0,0,0,0,7,0,4,3,2,0,0,0,0,0,9,0,2,3,2,1,0,0,0,0,8,0,2,5,3,0,0,0,0,0,10,0,1,4,2,0,0,0,0,0,7,0,0,3,3,0,1,0,0,0,7,1,0,2,5,0,1,0,0,0,9,2,1,1,3,2,0,1,0,0,10,0,1,3,3,2,0,0,0,0,9,0,1,0,2,1,1,0,0,0,5,1,1,2,2,3,0,0,1,0,10,0,0,1,1,0,0,0,0,0,2,1,0,0,1,1,3,1,0,0,7,1,0,4,1,0,0,0,0,0,6,0,0,2,0,0,0,0,0,0,2,0,0,0,2,1,0,0,0,0,3,1,0,0,1,0,0,1,0,0,3,0,0,0,0,0,1,0,0,0,1,0,0,0,1,0,0,0,0,0,1,0,0,1,0,0,1,1,0,0,3,0,0,0,0,0,0,0,0,0,0,0,0,0,0,0,0,0,0,0,0,0,0,1,0,0,0,0,0,0,1,0,0,0,0,0,0,0,0,0,0,0,0,0,0,0,0,0,0,0,0,0,0,0,0,0,0,0,0,0,0,0,0,0,0,0,0,0,0,0,0,0,0,0,0,0,0,0,0,0,0,0,0,0,131
Glades,0,0,0,0,0,0,0,0,0,0,0,0,0,0,0,0,0,0,0,0,0,0,0,0,1,1,0,0,0,0,2,0,0,0,0,0,0,0,0,0,0,2,1,0,0,0,0,3,0,0,3,1,1,0,0,0,0,5,0,0,2,0,0,0,0,0,0,2,1,2,2,0,0,0,0,0,0,5,0,0,1,1,0,0,0,0,0,2,0,0,1,0,0,0,0,0,0,1,0,0,1,1,0,0,0,0,0,2,0,0,1,0,0,0,0,0,0,1,0,0,0,0,0,1,0,0,0,1,0,0,0,1,0,1,0,0,0,2,0,1,0,0,1,0,0,0,0,2,0,0,1,0,1,0,0,0,0,2,0,1,1,0,0,0,0,0,0,2,0,0,1,0,0,0,0,0,0,1,0,0,1,0,0,0,0,0,0,1,0,0,1,0,0,0,0,0,0,1,0,0,0,0,0,0,0,0,0,0,0,0,1,0,0,0,0,0,0,1,0,0,0,0,0,0,0,0,0,0,1,0,0,0,0,0,0,0,0,1,0,0,0,0,0,0,0,0,0,0,0,0,0,0,0,0,0,0,0,0,0,0,0,0,0,0,0,0,0,0,0,0,0,0,0,0,0,0,0,0,0,0,0,0,0,0,0,0,0,0,0,0,0,0,0,0,0,0,0,0,0,0,0,0,0,0,0,0,0,0,0,0,0,0,0,0,0,0,0,0,0,0,0,0,0,0,0,0,0,0,0,0,0,37
Gulf,0,0,0,0,0,0,0,0,0,0,0,0,0,0,0,0,0,0,0,1,0,0,0,1,0,0,0,0,0,0,0,1,2,0,1,0,0,0,4,0,1,3,0,0,0,0,0,4,0,0,2,1,0,0,0,0,0,3,0,0,0,1,0,0,0,0,0,1,0,0,2,2,0,0,0,0,1,5,0,0,3,4,0,2,0,0,0,9,0,0,1,2,0,2,0,0,0,5,0,1,1,4,0,0,0,0,0,6,0,0,3,3,0,2,0,0,0,8,0,0,1,1,0,0,1,0,0,3,0,0,1,1,0,0,0,0,0,2,0,0,1,2,0,2,0,0,0,5,0,0,0,0,0,0,0,0,0,0,0,0,0,1,1,0,0,0,0,2,0,0,0,0,0,0,0,0,0,0,0,0,0,1,0,2,0,0,0,3,0,0,0,0,1,0,1,0,0,2,0,0,0,1,0,0,0,0,0,1,1,0,1,0,0,0,0,0,0,2,0,0,0,1,1,0,0,0,0,2,0,0,0,1,0,0,0,0,0,1,0,0,0,0,0,0,0,0,0,0,0,0,0,0,0,0,0,0,0,0,0,0,0,0,0,0,0,0,0,0,0,0,0,0,0,0,0,0,0,0,0,0,0,0,0,0,0,0,0,0,0,0,0,0,0,0,0,0,0,0,0,0,0,0,0,0,0,0,0,0,0,0,0,0,0,0,0,0,0,0,0,0,0,0,0,0,0,0,0,0,0,0,0,69
Hamilton,0,0,0,0,0,0,0,0,0,0,0,0,0,0,0,0,0,0,0,1,0,0,0,1,2,0,1,0,0,0,3,0,3,3,1,0,0,0,7,0,1,3,1,0,0,0,0,5,0,1,3,2,0,0,0,0,0,6,1,1,1,1,0,0,0,0,0,4,2,2,1,0,0,0,0,0,0,5,1,3,5,1,0,0,0,0,0,10,2,1,4,2,0,0,0,0,0,9,0,1,2,0,1,0,0,0,0,4,1,0,1,1,0,0,0,0,0,3,0,0,0,1,0,0,0,0,0,1,0,2,1,3,0,0,0,0,0,6,0,1,1,0,1,0,0,0,0,3,0,0,1,0,1,0,0,0,0,2,0,0,1,2,0,0,0,0,0,3,1,1,1,1,0,0,1,0,0,5,0,0,1,0,0,0,0,0,0,1,0,0,1,0,0,1,0,0,0,2,0,0,0,0,0,0,0,0,0,0,0,0,0,0,0,0,0,0,0,0,0,0,0,0,0,0,0,0,0,0,0,0,0,0,0,0,0,0,0,0,0,0,0,0,0,0,0,0,0,0,0,0,0,0,0,0,0,0,0,0,0,0,0,0,0,0,0,0,0,0,0,0,0,0,0,0,0,0,0,0,0,0,0,1,0,0,0,0,1,0,0,0,0,0,0,0,0,0,0,0,0,0,0,0,0,0,0,0,0,0,0,0,0,0,0,0,0,0,0,0,0,0,0,0,0,0,0,0,0,0,0,0,0,81
Hardee,0,0,0,0,0,0,0,0,0,0,0,1,0,0,0,0,1,2,2,1,0,0,0,5,3,5,1,0,0,0,9,2,7,2,1,0,0,0,12,0,4,5,3,1,0,0,0,13,2,10,4,1,0,0,0,0,0,17,3,3,8,0,0,1,0,0,0,15,3,3,13,1,1,0,0,0,0,21,1,1,9,2,1,0,0,0,0,14,1,3,13,6,1,1,0,0,0,25,7,6,8,3,1,1,0,0,0,26,1,6,4,0,1,0,0,0,0,12,0,2,5,2,1,1,1,0,0,12,5,4,3,2,0,1,0,0,0,15,3,1,4,2,1,2,2,1,0,16,2,1,3,2,1,0,0,0,0,9,3,2,3,1,0,0,0,0,0,9,2,0,1,2,0,0,0,0,0,5,0,1,0,0,0,0,1,0,0,2,2,0,2,0,1,0,0,0,0,5,4,3,3,1,0,0,0,0,0,11,1,1,0,0,0,0,0,0,0,2,1,1,0,0,0,0,0,0,0,2,0,0,0,0,0,0,0,0,0,0,2,0,0,0,0,0,0,0,0,2,0,0,0,0,0,0,0,0,0,0,1,0,0,0,0,0,0,0,0,1,0,0,0,0,0,0,0,0,0,0,0,0,0,1,0,0,0,0,1,0,0,0,0,0,0,0,0,0,0,0,0,0,0,0,0,0,0,0,0,0,0,0,0,0,0,0,0,0,0,0,0,0,0,0,0,0,0,0,0,0,0,0,0,262
Hendry,0,0,0,0,0,0,0,0,0,0,0,0,1,0,0,0,1,1,1,5,1,0,0,8,0,6,4,0,0,0,10,1,4,4,2,0,0,0,11,1,2,11,2,0,0,0,0,16,1,6,7,1,2,0,0,0,0,17,0,7,14,1,0,2,0,0,0,24,0,9,6,4,2,1,0,0,2,24,1,8,7,3,1,2,0,0,0,22,3,5,7,2,2,2,0,0,0,21,4,3,9,0,1,0,0,0,0,17,4,3,5,2,1,1,0,0,0,16,4,1,8,1,0,2,0,0,0,16,3,6,7,2,3,1,0,0,0,22,3,3,6,0,2,2,0,0,1,17,4,2,6,2,0,0,0,0,0,14,4,1,7,2,0,1,0,0,0,15,0,1,2,3,0,1,1,0,0,8,3,6,5,0,2,0,0,0,1,17,1,0,4,1,0,0,0,0,0,6,0,2,4,0,0,0,1,0,0,7,1,0,1,0,1,0,1,0,0,4,4,1,2,0,1,0,0,0,0,8,0,0,1,0,0,0,0,0,0,1,0,0,0,0,0,0,0,0,0,0,0,0,1,1,0,0,0,0,0,2,0,0,0,0,0,0,0,0,0,0,0,0,0,0,0,0,0,1,0,1,0,0,0,0,0,0,0,0,0,0,0,0,0,0,0,0,0,0,0,0,0,0,0,0,0,0,0,0,0,0,0,0,0,0,0,0,0,0,0,0,0,0,0,0,0,0,0,0,0,0,0,0,0,325
Hernando,0,0,0,0,0,0,0,0,1,0,1,0,0,0,0,0,0,0,0,6,0,0,0,6,0,7,2,2,0,0,11,0,6,8,2,0,0,0,16,2,10,18,9,3,0,0,0,42,0,6,18,11,2,1,0,0,0,38,1,11,14,15,4,1,0,0,0,46,0,8,18,12,5,1,0,0,1,45,1,2,15,10,4,2,0,0,1,35,0,4,19,13,9,3,0,0,0,48,0,4,16,12,4,5,1,0,0,42,0,4,18,12,9,6,2,0,1,52,0,5,19,14,8,6,2,0,0,54,1,4,12,9,10,8,1,1,0,46,2,6,10,8,8,8,3,0,0,45,0,1,13,13,2,10,1,0,0,40,0,3,10,12,6,3,1,3,1,39,2,1,11,9,9,4,2,0,0,38,0,1,6,5,7,5,1,1,0,26,0,1,7,6,3,4,0,0,0,21,0,1,6,6,7,2,2,0,0,24,0,0,5,1,3,1,0,0,0,10,0,1,1,4,1,1,2,0,1,11,0,1,2,1,4,1,0,0,0,9,0,0,1,4,1,1,0,0,0,7,0,1,2,1,1,0,0,0,0,5,0,0,2,1,1,2,0,0,0,6,0,0,0,1,0,0,0,0,0,1,0,0,0,0,0,0,0,0,0,0,0,0,0,0,0,0,0,0,0,0,0,0,0,0,0,0,0,0,0,0,0,0,0,0,0,0,0,0,0,0,0,0,0,0,0,0,0,0,0,0,0,0,0,764
Highlands,0,0,0,0,0,0,0,1,0,0,1,0,3,0,0,0,3,0,2,2,0,0,0,4,0,5,1,0,0,0,6,1,6,4,0,0,0,0,11,1,8,18,4,1,0,0,0,32,3,11,25,7,0,0,0,0,0,46,2,9,19,6,3,0,0,0,0,39,1,8,18,5,4,1,0,0,0,37,0,7,17,9,4,2,0,0,0,39,2,8,15,9,2,4,1,0,0,41,1,8,13,9,3,4,0,0,0,38,3,7,12,9,3,3,1,0,0,38,2,10,15,3,3,5,1,0,0,39,5,4,10,6,2,2,0,0,0,29,2,6,4,5,5,5,2,1,0,30,2,2,13,3,1,6,0,0,0,27,3,0,11,9,2,6,1,0,0,32,0,2,2,3,2,4,1,0,0,14,1,3,5,2,1,2,0,1,0,15,2,0,4,3,1,0,2,0,0,12,0,1,0,2,1,1,0,0,0,5,2,1,2,2,0,3,1,1,0,12,1,0,3,0,1,1,1,0,0,7,0,2,5,1,0,3,0,1,0,12,0,0,2,0,0,1,0,0,0,3,0,0,0,0,0,1,0,0,0,1,0,0,0,0,0,0,0,0,0,0,2,0,0,0,0,0,0,0,0,2,0,1,0,0,0,0,1,0,2,0,0,0,0,0,0,0,0,0,0,0,0,0,0,0,0,0,0,0,0,0,0,0,0,0,0,0,0,0,0,0,0,0,0,0,0,0,0,0,0,0,0,0,0,577
Hillsborough,1,1,0,0,1,0,1,3,15,0,18,4,29,3,0,0,36,2,49,39,2,0,0,92,8,80,85,29,1,0,203,8,99,141,49,2,0,0,299,13,111,213,58,7,4,0,0,406,15,103,234,102,16,8,0,0,1,479,8,130,245,106,32,18,0,0,3,542,16,82,244,118,26,32,0,0,4,522,18,95,231,120,32,43,4,0,0,543,17,72,229,135,36,62,5,2,3,561,21,81,224,125,44,85,15,4,3,602,13,79,226,132,46,88,23,6,2,615,22,68,171,103,58,129,29,10,4,594,14,57,171,114,45,153,47,8,2,611,12,44,178,94,42,158,63,5,3,599,23,30,160,109,45,133,55,22,2,579,19,40,152,74,51,148,79,17,3,583,7,21,104,62,28,136,54,19,1,432,9,26,97,56,40,108,61,23,2,422,14,21,82,53,26,87,55,17,0,355,6,21,73,43,37,66,50,17,0,313,3,15,55,27,19,58,23,14,0,214,10,12,50,25,21,43,20,8,3,192,6,10,23,26,11,36,20,7,0,139,2,6,18,7,5,28,10,4,0,80,2,4,14,5,4,10,5,3,0,47,0,3,9,10,1,9,3,0,1,36,0,0,6,5,1,5,1,4,0,22,0,0,1,1,3,2,0,0,7,0,0,0,1,0,1,0,0,2,0,0,1,1,0,2,0,0,4,0,0,0,0,0,0,1,1,0,0,0,0,0,0,0,0,0,0,0,0,0,0,0,0,0,0,10152
Holmes,0,0,0,0,0,0,0,0,0,0,0,0,0,0,0,0,0,1,1,0,0,0,0,2,0,0,1,0,0,0,1,0,3,0,0,0,0,0,3,1,2,3,1,0,0,0,0,7,0,3,6,3,1,0,0,0,0,13,2,3,7,3,0,0,0,0,0,15,0,2,2,1,0,0,0,0,0,5,0,2,2,3,2,0,0,0,0,9,0,3,4,0,2,1,0,0,0,10,1,0,1,2,2,0,1,0,0,7,1,0,5,3,0,4,0,0,0,13,0,1,2,0,0,0,0,0,0,3,0,1,2,2,2,1,1,0,0,9,1,0,0,3,0,2,2,0,0,8,0,0,1,2,0,2,0,0,0,5,0,1,1,0,0,0,0,0,0,2,0,0,0,0,0,0,0,0,0,0,0,0,0,1,0,1,0,0,0,2,0,0,0,1,0,0,0,0,0,1,0,0,0,0,0,1,0,0,0,1,0,0,2,0,0,0,0,0,0,2,0,0,0,0,0,0,0,0,0,0,0,0,0,0,2,0,0,0,0,2,0,0,0,0,0,0,1,0,0,1,0,0,0,0,0,0,0,0,0,0,0,0,0,0,0,0,0,0,0,0,0,0,0,0,0,0,0,0,0,0,0,0,0,0,0,0,0,0,0,0,0,0,0,0,0,0,0,0,0,0,0,0,0,0,0,0,0,0,0,0,0,0,0,0,0,0,0,0,0,0,0,0,0,0,0,0,0,0,0,0,0,0,0,121
Indian River,0,0,0,0,0,0,0,1,3,0,4,0,1,2,1,0,4,0,4,2,0,0,0,6,0,6,12,1,1,0,20,0,8,9,1,0,0,0,18,1,4,16,7,1,0,0,0,29,0,6,25,7,1,0,0,0,0,39,2,5,19,7,0,0,0,0,1,34,0,7,24,4,5,1,1,0,0,42,1,3,20,7,3,3,0,0,0,37,0,7,37,11,3,5,0,0,0,63,3,9,10,15,7,5,1,0,1,51,1,6,25,16,5,4,1,1,0,59,4,6,22,11,7,8,0,0,0,58,2,3,7,5,5,11,5,1,0,39,3,4,6,7,5,3,2,1,0,31,4,8,10,7,0,6,4,0,0,39,1,2,9,9,4,6,0,2,0,33,4,5,8,4,0,7,3,1,0,32,1,2,7,3,5,8,1,1,0,28,1,2,10,0,3,6,2,0,0,24,1,1,2,4,2,3,1,1,0,15,0,3,5,5,2,3,2,0,0,20,0,1,5,4,2,7,1,0,0,20,1,1,4,3,4,1,0,0,0,14,0,0,5,2,0,2,0,1,0,10,0,0,1,0,2,1,0,0,0,4,0,0,1,0,0,0,0,0,0,1,0,0,0,0,1,0,0,0,0,1,0,0,0,0,0,1,0,0,1,0,0,0,0,0,0,0,0,0,0,0,0,0,0,0,0,0,0,0,0,0,0,0,0,0,0,0,0,0,0,0,0,0,0,0,0,0,0,0,0,0,0,0,0,776
Jackson,0,0,0,0,0,0,0,0,0,0,0,0,1,0,0,0,1,0,2,2,0,0,0,4,1,1,3,0,0,0,5,1,4,6,1,0,0,0,12,1,2,10,5,0,0,0,0,18,2,4,7,8,2,0,0,0,0,23,0,6,14,4,2,1,0,0,0,27,1,2,8,7,1,0,0,0,0,19,1,2,8,2,5,1,0,0,0,19,1,2,9,2,2,2,1,0,0,19,0,2,2,7,3,1,1,0,0,16,0,1,4,2,3,5,0,0,0,15,0,3,5,4,2,6,1,0,0,21,0,2,5,5,3,3,2,0,0,20,0,2,6,1,2,0,0,0,0,11,0,3,4,4,2,4,0,0,0,17,1,2,0,2,1,2,0,0,0,8,0,0,6,1,1,0,2,0,0,10,0,3,2,2,2,1,1,0,0,11,0,1,0,0,1,0,1,0,0,3,0,0,2,2,1,0,0,0,0,5,0,0,2,1,1,1,0,0,0,5,0,0,1,0,0,0,0,0,0,1,0,0,0,1,0,0,1,0,0,2,0,0,0,0,0,0,0,0,0,0,0,0,0,0,0,0,0,0,0,0,0,0,0,0,0,0,0,0,0,0,0,0,0,0,0,0,0,0,0,0,0,0,0,0,0,0,0,0,0,0,0,0,0,0,0,0,0,0,0,0,0,0,0,0,0,0,0,0,0,0,0,0,0,0,0,0,0,0,0,0,0,0,0,0,0,0,0,0,0,0,0,0,0,292
Jefferson,0,0,0,0,0,0,0,0,0,0,0,0,0,0,0,1,1,0,1,0,0,0,0,1,0,0,0,0,0,0,0,0,0,0,1,0,0,0,1,1,0,0,1,0,0,0,0,2,1,0,3,1,0,0,0,0,0,5,0,3,2,1,1,0,0,0,0,7,0,2,2,2,0,0,0,0,0,6,0,1,2,1,1,0,0,0,0,5,0,0,1,0,0,0,0,0,0,1,0,0,1,2,0,1,0,0,0,4,0,1,0,1,0,1,0,0,0,3,0,1,1,1,1,0,2,0,0,6,0,0,1,2,1,1,0,0,0,5,0,1,0,2,0,1,1,0,0,5,0,0,0,2,0,0,0,0,0,2,0,1,0,1,1,0,1,0,0,4,0,0,0,0,1,0,0,0,0,1,0,0,1,3,0,0,1,0,0,5,0,0,1,1,0,1,0,0,0,3,0,0,0,1,0,0,0,0,0,1,0,0,0,0,0,0,0,0,0,0,0,0,0,0,0,0,1,0,0,1,0,0,0,1,0,0,1,0,0,2,0,0,0,0,0,1,0,0,0,1,0,0,1,0,0,0,0,0,0,1,0,0,0,0,0,0,0,0,0,0,0,0,0,0,0,0,0,0,0,0,0,0,0,0,0,0,0,0,0,0,0,0,0,0,0,0,0,0,0,0,0,0,0,0,0,0,0,0,0,0,0,0,0,0,0,0,0,0,0,0,0,0,0,0,0,0,0,0,0,0,0,0,0,73
Lafayette,0,0,0,0,0,0,0,0,1,0,1,0,0,0,0,0,0,0,0,1,0,0,0,1,0,0,0,0,0,0,0,0,0,2,0,0,0,0,2,0,1,0,0,0,0,0,0,1,0,0,0,2,0,0,0,0,0,2,0,1,1,1,0,0,0,0,0,3,0,0,3,1,0,0,0,0,0,4,0,0,2,1,2,0,0,0,0,5,0,0,1,0,1,0,0,0,0,2,0,0,1,0,0,0,0,0,0,1,0,0,1,0,0,1,0,0,0,2,0,0,2,1,0,1,0,0,0,4,0,1,2,0,1,1,0,0,0,5,2,0,1,0,0,0,0,0,0,3,0,0,2,1,0,1,0,0,0,4,0,1,0,0,0,0,0,0,0,1,0,0,0,0,0,1,0,0,0,1,0,0,0,0,1,0,0,0,0,1,0,0,0,0,0,0,0,0,0,0,0,0,1,1,1,0,0,0,0,3,0,0,0,0,0,0,0,0,0,0,0,0,0,0,0,0,0,0,0,0,0,0,0,0,0,0,0,0,0,0,0,0,0,0,0,0,0,0,0,0,0,0,1,0,0,0,0,0,0,1,0,0,0,0,0,0,0,0,0,0,0,0,0,0,0,0,0,0,0,0,0,0,0,0,0,0,0,0,0,0,0,0,0,0,0,0,0,0,0,0,0,0,0,0,0,0,0,0,0,0,0,0,0,0,0,0,0,0,0,0,0,0,0,0,0,0,0,0,0,0,0,0,0,47
Lake,0,0,0,0,0,0,0,0,1,0,1,0,2,0,0,0,2,1,4,6,1,0,0,12,3,11,17,4,0,0,35,2,15,23,11,2,0,0,53,0,13,32,14,3,0,1,0,63,4,21,48,31,7,1,0,0,0,112,1,28,49,30,4,2,0,0,0,114,3,10,58,25,9,5,0,0,0,110,4,13,50,23,9,3,0,0,1,103,2,9,40,29,16,8,3,0,0,107,3,18,37,25,10,5,3,0,1,102,3,13,40,21,12,25,2,0,0,116,4,8,41,30,12,19,3,0,2,119,2,7,28,24,11,15,12,1,0,100,4,7,29,18,13,12,10,1,0,94,3,6,19,18,10,26,10,1,2,95,5,5,17,30,8,18,6,2,0,91,2,4,14,13,13,26,3,2,1,78,2,6,14,15,5,16,6,2,0,66,5,1,14,14,10,11,3,0,0,58,1,5,8,11,5,16,5,0,0,51,0,2,7,10,4,7,2,2,0,34,2,1,5,10,4,9,2,2,0,35,0,3,4,4,2,3,1,0,0,17,1,1,4,5,2,7,1,0,0,21,1,1,3,2,1,2,1,0,0,11,0,1,1,3,1,0,0,0,0,6,0,0,0,1,0,0,1,0,0,2,0,0,1,0,3,2,0,0,6,0,0,1,0,0,0,0,0,1,0,0,0,0,0,0,0,0,0,0,1,0,0,0,0,0,1,0,1,0,0,0,0,1,0,0,0,0,0,0,0,0,0,0,0,1817
Lee,0,0,0,0,0,0,0,2,2,0,4,0,8,1,0,0,9,1,17,7,0,2,0,27,4,15,19,4,0,0,42,5,21,42,9,2,0,1,80,4,39,68,17,3,0,0,2,133,3,36,81,17,4,1,0,0,0,142,10,33,81,19,10,1,0,0,0,154,7,31,80,29,22,4,0,0,2,175,14,29,90,26,13,13,2,0,3,190,16,33,78,26,22,9,2,0,3,189,17,17,93,45,24,18,4,0,3,221,12,17,68,39,19,27,2,1,2,187,27,22,66,32,17,31,9,4,3,211,12,21,65,22,21,30,7,0,0,178,15,18,55,23,30,37,6,1,1,186,10,19,41,22,20,28,10,4,0,154,16,11,40,27,18,26,9,2,2,151,15,10,29,22,21,32,7,1,1,138,7,10,33,20,15,28,8,2,1,124,8,5,26,10,9,15,8,1,1,83,4,6,20,4,13,16,5,2,1,71,6,2,16,5,7,13,2,1,0,52,5,4,20,12,6,11,3,0,1,62,4,8,12,5,3,9,3,1,0,45,5,3,8,1,4,3,3,2,0,29,1,2,6,3,0,1,1,0,0,14,0,1,6,2,1,0,0,0,0,10,0,1,1,1,2,2,2,0,0,9,0,1,1,2,1,0,0,0,5,0,1,0,0,0,0,0,0,1,0,0,0,0,0,0,0,0,0,0,0,0,0,0,0,0,0,0,0,0,0,0,0,0,0,0,0,0,0,0,0,0,0,0,0,3076
Leon,0,0,0,0,0,0,0,0,0,0,0,0,1,0,1,0,2,0,2,1,2,0,0,5,2,5,8,4,0,0,19,1,7,14,12,0,0,0,34,0,16,17,19,2,0,0,0,54,0,10,24,24,3,1,0,0,0,62,0,17,19,27,5,5,0,0,1,74,3,12,18,27,5,4,0,1,0,70,4,13,21,20,8,10,2,0,5,83,1,12,16,29,6,23,6,0,2,95,0,8,14,25,7,30,5,0,2,91,2,8,14,26,13,36,8,1,0,108,1,2,15,25,21,28,8,3,0,103,1,6,14,14,12,21,13,3,2,86,1,9,16,14,16,37,13,1,0,107,0,4,14,23,10,35,14,8,0,108,1,5,9,14,12,30,30,9,0,110,0,2,3,10,8,30,15,5,0,73,1,6,10,9,3,26,10,6,0,71,0,4,2,8,5,12,8,9,1,49,0,1,6,9,4,9,9,6,0,44,0,0,4,8,2,16,10,6,1,47,1,0,0,6,4,7,3,3,0,24,1,0,3,6,0,6,5,4,0,25,0,0,2,1,2,3,2,1,1,12,0,0,1,4,4,3,0,1,0,13,0,0,1,0,0,1,4,0,0,6,0,0,1,0,0,3,0,1,0,5,0,0,1,0,0,1,0,0,2,0,0,0,0,0,0,1,0,1,0,0,0,0,0,0,0,0,0,0,0,0,0,0,0,0,0,0,0,0,0,0,0,0,0,0,0,0,0,0,0,0,1,0,1,1584
Levy,0,0,0,0,0,0,0,1,0,0,1,0,0,0,0,0,0,0,0,1,0,0,0,1,2,2,1,2,0,0,7,0,2,5,0,0,0,0,7,1,4,7,3,0,0,0,0,15,1,3,6,8,1,0,0,0,0,19,0,3,8,2,0,0,0,0,0,13,1,2,6,4,1,0,0,0,0,14,0,5,4,5,0,1,0,0,0,15,1,6,12,7,1,1,0,0,0,28,0,1,7,4,1,0,0,0,0,13,2,0,7,5,1,2,0,0,0,17,0,0,8,0,1,1,1,0,0,11,1,2,7,4,0,1,0,0,0,15,2,0,2,2,0,1,2,0,0,9,0,1,2,2,0,1,1,0,0,7,1,0,4,3,2,0,1,1,0,12,0,0,3,3,2,1,0,0,0,9,0,2,3,0,0,2,0,0,0,7,0,0,1,0,1,0,0,0,0,2,1,0,0,0,0,0,1,0,0,2,0,0,1,0,2,0,0,0,0,3,0,0,0,1,0,0,0,0,0,1,0,0,0,2,0,0,0,0,0,2,0,0,0,0,0,0,0,0,0,0,0,0,0,0,0,1,0,0,0,1,0,0,0,0,0,0,0,0,0,0,0,0,1,0,0,0,0,0,0,1,0,0,0,0,0,0,0,0,0,0,0,0,0,0,0,0,0,0,0,0,0,0,0,0,0,0,0,0,0,0,0,0,0,0,0,0,0,0,0,0,0,0,0,0,0,0,0,0,0,0,0,0,0,232
Liberty,0,0,0,0,0,0,0,0,0,0,0,0,0,0,0,0,0,0,0,0,0,0,0,0,0,0,1,0,0,0,1,0,1,1,0,0,0,0,2,0,1,0,0,0,0,0,0,1,0,1,1,0,0,0,0,0,0,2,0,0,1,1,0,0,0,0,0,2,0,0,0,0,0,0,0,0,0,0,0,0,1,1,0,0,0,0,0,2,0,0,0,3,0,2,0,0,0,5,0,0,3,1,0,0,0,0,0,4,0,1,1,0,0,0,0,0,0,2,0,0,0,0,0,2,0,0,1,3,0,1,0,0,0,1,0,0,0,2,0,0,0,0,2,0,0,0,0,2,0,0,0,1,0,0,0,0,0,1,0,0,0,0,1,0,0,0,0,1,0,0,1,0,0,0,0,0,0,1,0,0,0,0,1,0,0,0,0,1,0,0,0,0,0,0,0,0,0,0,0,0,0,0,0,0,0,0,0,0,0,0,0,0,0,0,0,0,0,0,0,0,0,0,0,0,0,0,0,0,0,1,0,0,0,0,0,0,0,1,0,0,0,0,0,0,0,0,0,0,0,0,0,0,0,0,0,0,0,0,0,0,0,0,0,0,0,0,0,0,0,0,0,0,0,0,0,0,0,0,0,0,0,0,0,0,0,0,0,0,0,0,0,0,0,0,0,0,0,0,0,0,0,0,0,0,0,0,0,0,0,0,0,0,0,0,0,0,0,0,0,0,0,0,0,0,0,0,0,0,0,0,0,33
Madison,0,0,0,0,0,0,0,0,0,0,0,0,0,0,0,0,0,0,1,0,0,0,0,1,0,0,1,1,0,0,2,0,2,2,2,0,0,1,7,0,1,6,0,0,0,0,0,7,0,2,5,3,0,0,0,0,0,10,0,0,4,1,0,0,0,0,0,5,0,2,1,0,0,0,0,0,0,3,0,1,3,3,1,0,0,0,0,8,0,2,4,2,0,2,0,0,0,10,1,0,2,2,0,1,1,0,1,8,0,1,2,0,2,1,0,0,0,6,0,1,1,2,2,1,0,0,0,7,0,1,3,2,1,0,0,0,0,7,1,1,3,0,0,0,0,0,0,5,0,0,1,2,0,0,0,0,0,3,0,0,1,0,0,0,0,0,0,1,0,0,1,0,1,1,0,0,0,3,1,0,0,1,1,0,0,0,0,3,0,3,0,0,0,1,0,0,0,4,0,0,0,1,0,0,0,0,0,1,0,0,0,0,0,0,0,0,0,0,0,0,2,0,0,0,0,0,0,2,0,0,0,0,0,0,0,0,1,1,0,1,0,0,0,0,0,0,0,1,0,0,0,0,0,0,0,0,0,0,0,0,0,0,1,0,0,0,0,1,0,0,0,0,0,0,0,0,0,0,0,0,0,0,0,0,0,0,0,0,0,0,0,0,0,0,0,0,0,0,0,0,0,0,0,0,0,0,0,0,0,0,0,0,0,0,0,0,0,0,0,0,0,0,0,0,0,0,0,0,0,0,0,106
Manatee,0,0,1,1,1,1,2,1,7,0,8,2,10,1,0,0,13,2,16,8,3,0,0,29,3,18,22,2,0,0,45,9,22,25,8,0,0,0,64,6,37,46,15,2,0,0,0,106,10,30,40,23,5,0,0,0,1,109,6,27,53,23,6,4,0,0,1,120,10,30,44,28,7,4,0,0,0,123,11,20,52,34,6,4,0,0,1,128,11,30,61,20,7,12,0,1,0,142,8,22,42,26,10,11,1,0,0,120,14,19,30,33,13,19,4,1,0,133,25,18,39,17,14,16,7,2,0,138,15,16,33,21,12,18,8,1,1,125,16,12,26,18,11,27,12,3,0,125,9,15,28,18,21,24,9,1,0,125,9,9,20,32,6,23,9,4,1,113,15,10,23,25,8,25,8,6,0,120,8,5,17,8,6,20,2,2,0,68,8,4,10,9,3,9,8,2,0,53,5,2,13,3,4,10,3,2,0,42,12,6,12,4,4,5,5,1,0,49,3,2,2,5,6,11,2,2,0,33,3,2,8,2,1,6,2,2,0,26,7,0,4,2,3,4,3,0,0,23,3,3,4,0,0,1,0,0,0,11,1,0,2,2,0,2,0,0,0,7,0,0,2,0,0,0,1,0,0,3,0,0,0,0,0,1,0,0,1,0,0,1,0,0,0,0,0,1,1,0,0,0,0,0,1,0,2,0,0,0,0,0,0,0,0,0,0,0,0,0,0,0,0,0,0,0,0,0,0,0,0,0,0,2208
Marion,0,0,0,0,0,0,0,0,2,0,2,0,4,0,1,0,5,0,5,5,0,0,0,10,2,18,18,4,0,0,42,4,20,33,15,3,0,0,75,3,27,27,26,2,0,0,0,85,6,26,57,35,4,1,0,0,0,129,3,28,47,42,3,1,0,0,0,124,5,23,47,31,6,1,0,0,1,114,3,18,54,35,17,11,0,0,0,138,2,20,47,36,13,3,0,0,0,121,2,16,41,35,14,8,4,0,0,120,5,13,42,46,11,18,5,1,0,141,5,14,30,38,16,15,2,0,0,120,4,17,30,29,16,21,2,2,0,121,0,9,26,35,11,16,8,1,0,106,3,8,21,18,18,20,3,4,0,95,6,3,12,19,11,16,8,1,0,76,4,6,20,20,9,14,5,2,0,80,2,8,12,20,9,10,7,0,0,68,1,4,10,9,5,2,0,2,0,33,1,1,8,6,3,16,2,2,0,39,1,1,4,7,4,2,3,0,0,22,0,4,13,6,9,3,5,1,0,41,2,1,4,8,3,4,3,0,0,25,2,2,1,4,2,4,1,1,0,17,1,1,0,3,4,5,1,1,0,16,0,0,2,0,1,2,0,0,0,5,0,0,0,0,1,1,1,0,0,3,0,0,0,0,0,0,0,0,0,0,0,0,0,0,0,0,0,0,0,0,0,1,0,0,0,0,1,0,0,0,0,1,1,0,2,0,0,0,0,0,0,0,0,0,0,0,0,0,0,1,0,0,1,1977
Martin,0,0,0,0,0,0,0,0,1,0,1,0,0,1,0,1,2,0,2,4,0,0,1,7,2,6,4,0,0,0,12,0,5,8,0,0,0,5,18,1,6,7,2,1,0,0,2,19,3,4,15,3,2,0,0,0,2,29,9,7,15,3,2,1,0,0,2,39,4,8,12,3,4,1,0,0,0,32,6,8,10,8,2,1,0,0,2,37,8,9,10,6,3,5,0,0,2,43,9,8,14,14,7,11,0,0,4,67,9,3,7,4,4,11,0,0,1,39,9,1,14,9,2,11,1,0,3,50,8,2,10,10,5,7,3,0,1,46,7,8,3,9,7,4,3,0,2,43,5,4,9,3,5,9,3,0,2,40,8,5,6,2,2,5,1,1,3,33,4,3,8,2,4,12,6,0,2,41,5,3,8,1,5,5,7,2,5,41,5,1,4,4,1,7,0,0,0,22,1,1,3,2,1,5,1,1,0,15,2,3,0,0,4,5,2,0,2,18,0,0,3,1,2,6,1,0,0,13,2,2,0,2,0,1,0,0,0,7,0,0,1,3,1,1,1,0,1,8,0,1,0,0,0,0,0,1,0,2,1,1,0,0,0,0,1,0,1,4,1,0,0,0,0,1,0,0,0,2,0,0,0,0,0,0,0,0,0,0,0,0,0,0,0,0,0,0,0,0,0,0,0,0,0,0,0,0,0,0,0,0,0,0,0,0,0,0,0,0,0,0,0,0,0,1,1,0,0,0,0,0,0,731
Monroe,0,0,0,0,0,0,0,0,0,0,0,0,2,0,0,0,2,0,1,3,0,0,0,4,0,0,1,1,0,0,2,1,1,2,0,0,0,0,4,0,1,8,2,0,0,0,0,11,0,2,12,3,0,0,0,0,0,17,2,2,12,6,0,0,0,0,1,23,1,4,10,8,1,3,0,0,0,27,1,1,8,6,0,2,0,0,0,18,2,1,9,5,0,1,0,0,0,18,0,2,11,9,3,4,1,0,0,30,0,1,5,9,8,4,0,0,0,27,0,4,5,5,2,3,1,0,0,20,1,1,7,6,1,5,3,0,0,24,1,1,11,3,1,4,3,1,0,25,0,2,8,6,1,5,3,0,0,25,2,1,6,3,3,8,2,0,0,25,3,2,3,4,2,2,0,0,0,16,1,0,0,4,3,5,1,1,0,15,1,3,2,1,2,4,0,1,0,14,1,0,1,2,6,3,0,0,0,13,2,0,1,2,0,1,2,0,0,8,1,0,1,0,2,1,1,0,0,6,0,1,0,1,1,1,1,0,0,5,1,1,0,0,1,4,0,0,0,7,0,1,2,0,0,1,0,0,0,4,1,0,0,0,1,1,0,0,0,3,0,0,0,0,1,0,0,0,0,1,0,0,0,0,0,0,0,0,0,0,0,0,0,0,0,0,0,0,0,0,0,0,0,0,0,0,0,0,0,0,0,0,0,0,0,0,0,0,0,0,0,0,0,0,0,0,0,0,0,0,0,0,0,394
Nassau,0,0,0,0,0,0,0,0,0,0,0,0,1,0,0,0,1,1,4,1,0,0,0,6,0,2,1,1,0,0,4,0,4,1,1,0,0,0,6,1,6,9,3,0,0,0,0,19,0,4,10,5,4,0,0,0,0,23,1,3,4,9,2,0,0,0,0,19,1,1,7,7,2,2,0,0,0,20,1,0,10,9,4,0,0,0,0,24,0,1,5,14,3,5,2,0,0,30,1,1,11,6,3,2,0,0,0,24,0,0,8,9,2,3,3,0,0,25,0,1,1,12,7,5,1,0,1,28,2,0,8,8,3,7,2,0,0,30,0,0,6,1,6,3,3,1,0,20,0,0,3,5,2,6,5,1,0,22,0,2,5,4,5,3,1,0,0,20,0,0,4,4,3,5,4,0,0,20,1,0,4,1,1,4,2,0,0,13,0,0,3,1,2,4,0,0,0,10,0,0,1,1,1,2,0,0,0,5,0,0,2,2,1,5,0,0,0,10,0,0,3,0,1,1,0,0,0,5,0,0,1,1,0,3,0,0,0,5,0,0,2,0,1,2,0,0,0,5,0,0,0,0,0,0,0,0,0,0,0,0,0,0,0,1,0,0,0,1,0,0,0,0,0,0,0,0,0,0,0,0,0,0,1,0,0,0,1,0,0,0,0,0,0,0,0,0,0,0,0,0,0,1,0,0,1,0,0,0,0,0,0,0,0,0,0,0,0,0,0,0,0,0,0,0,0,0,0,0,0,0,0,397
Okaloosa,0,0,0,0,0,0,0,0,1,1,2,0,1,0,0,0,1,1,3,2,1,0,0,7,0,5,15,2,0,0,22,0,8,15,3,1,0,0,27,0,9,30,18,1,0,0,0,58,3,8,44,16,4,0,0,0,0,75,3,10,49,37,5,3,0,0,0,107,1,9,52,36,12,4,0,0,0,114,1,10,39,28,10,13,0,0,0,101,2,3,36,41,9,13,2,0,0,106,1,3,26,27,19,20,2,0,1,99,2,5,24,46,12,24,3,1,0,117,2,5,28,37,11,21,4,0,0,108,2,5,22,31,14,17,6,1,0,98,0,3,19,28,13,32,9,0,0,104,1,4,15,15,10,18,5,3,1,72,1,3,15,7,9,15,7,0,0,57,4,4,9,10,4,15,9,2,0,57,0,1,9,12,8,5,4,1,0,40,0,1,15,5,2,10,7,2,0,42,1,1,8,10,5,18,1,1,0,45,0,0,6,6,2,5,1,0,0,20,0,0,4,3,3,0,3,1,0,14,0,0,3,4,2,3,1,0,0,13,1,0,3,2,0,1,2,1,0,10,0,0,1,1,1,2,2,0,0,7,0,0,1,0,0,1,1,0,0,3,0,0,0,1,0,0,0,0,0,1,0,0,0,1,0,0,0,0,1,0,0,0,0,0,0,0,0,0,0,0,0,0,0,0,0,0,0,0,0,0,0,0,0,0,0,0,0,0,0,0,0,0,0,0,0,0,0,0,0,0,0,0,0,1528
Okeechobee,0,0,0,0,0,0,0,0,0,0,0,0,1,0,0,0,1,1,3,1,0,0,0,5,1,4,6,1,0,0,12,2,5,4,1,0,0,0,12,0,6,7,2,0,0,0,0,15,3,6,15,7,1,1,0,0,0,33,0,11,10,5,0,1,0,0,0,27,0,7,10,4,1,0,0,0,1,23,1,8,9,2,2,2,0,0,0,24,3,5,6,1,0,2,0,0,1,18,0,6,7,3,1,1,0,0,2,20,3,3,8,6,1,2,0,0,0,23,2,4,5,3,1,0,1,1,0,17,3,3,3,4,1,1,0,0,0,15,3,1,6,5,3,2,0,0,0,20,1,0,7,3,1,2,2,1,0,17,1,4,7,1,1,2,0,0,0,16,3,3,5,2,1,1,1,0,0,16,2,1,4,2,1,2,0,0,0,12,0,1,2,1,0,1,1,0,1,7,2,0,3,0,1,2,0,0,0,8,0,1,1,0,0,0,0,0,0,2,1,1,1,1,0,1,0,0,0,5,0,0,0,1,0,0,0,0,0,1,1,2,0,0,1,0,0,0,0,4,1,0,0,0,0,0,0,0,0,1,0,0,0,0,0,0,0,0,0,0,0,0,0,1,0,0,0,0,0,1,0,0,0,0,0,0,0,0,0,0,0,0,0,0,0,0,0,0,0,1,0,0,0,0,0,0,1,0,0,0,0,0,0,0,0,0,0,0,0,0,0,0,0,0,0,0,0,0,0,0,0,0,0,356
Orange,0,0,0,0,0,0,0,0,5,0,5,0,14,3,0,0,17,4,30,30,3,0,0,67,11,47,56,8,2,2,126,9,66,91,21,5,0,0,192,12,67,124,67,6,1,0,2,279,17,69,170,80,16,8,0,0,3,363,11,76,159,91,17,5,0,2,2,363,17,72,186,92,35,17,2,0,3,424,14,64,167,100,49,29,3,0,1,427,26,50,166,116,48,53,8,1,3,471,21,39,177,121,61,72,9,1,3,504,11,42,156,111,66,79,27,1,2,495,11,41,133,105,72,109,43,7,0,521,17,36,144,91,58,134,48,9,2,539,10,36,119,70,73,167,57,9,3,544,16,22,104,94,57,141,66,13,3,516,12,33,99,84,53,127,67,12,1,488,11,24,98,70,45,124,54,15,3,444,16,32,79,51,35,121,44,13,3,394,9,21,82,51,39,81,39,11,3,336,10,20,58,56,27,84,32,11,0,298,9,17,50,37,22,54,26,12,0,227,5,14,37,34,17,49,23,8,1,188,5,11,24,20,12,37,19,3,0,131,4,6,29,14,6,28,10,4,0,101,6,3,16,8,4,13,6,1,0,57,5,3,9,5,1,8,5,0,1,37,1,4,1,0,4,5,0,0,0,15,1,3,3,1,0,0,2,0,10,0,1,4,1,1,1,1,0,9,1,0,0,0,0,1,0,1,3,0,1,0,0,0,0,0,1,0,2,0,0,0,0,2,0,0,0,0,0,0,0,0,0,0,0,8594
Osceola,0,0,0,0,0,0,0,1,1,0,2,0,2,1,2,0,5,2,7,4,0,0,0,13,2,6,13,4,0,0,25,0,15,24,10,2,1,0,52,1,19,29,9,3,1,0,0,62,3,17,53,18,3,0,0,0,0,94,2,15,50,29,8,0,0,0,0,104,4,13,66,22,13,4,1,0,0,123,0,10,59,32,12,10,0,1,0,124,7,6,56,21,15,10,0,0,0,115,3,10,52,31,19,17,2,0,1,135,3,10,44,31,18,20,4,0,0,130,3,11,38,26,21,17,7,0,0,123,9,9,35,19,20,22,5,2,0,121,8,4,35,29,13,25,6,0,0,120,2,3,34,24,23,28,2,1,0,117,3,6,36,19,7,16,9,3,0,99,1,3,23,16,19,20,11,0,0,93,5,3,21,11,12,14,5,0,0,71,3,9,28,10,14,15,4,2,0,85,0,0,16,9,8,21,7,2,0,63,2,2,7,9,7,10,2,1,0,40,1,1,13,6,8,7,3,0,0,39,0,1,7,3,9,7,1,1,0,29,0,2,6,4,4,7,1,0,0,24,1,1,2,3,2,2,1,0,0,12,0,0,2,1,3,1,0,0,0,7,0,0,5,0,1,0,1,0,0,7,0,0,3,0,1,0,0,0,4,0,0,1,0,1,0,0,0,2,0,0,0,0,0,0,0,0,0,0,0,0,0,0,0,0,0,0,0,0,0,0,0,0,0,0,0,0,0,0,0,0,0,0,0,2040
Palm Beach,0,0,0,0,0,2,2,4,4,1,9,2,11,2,0,0,15,9,24,18,1,0,0,52,6,40,35,6,1,0,88,16,49,63,13,3,0,0,144,26,45,78,41,6,1,0,0,197,30,69,109,48,11,1,0,0,0,268,44,64,108,75,16,6,1,0,0,314,45,50,120,72,22,15,0,0,0,324,48,59,120,72,31,25,1,0,0,356,50,54,116,95,31,40,7,1,1,395,58,55,134,87,52,43,6,0,0,435,50,56,125,107,57,84,16,5,0,500,63,39,108,94,41,88,14,7,1,455,51,48,124,88,54,93,31,15,0,504,58,42,114,84,34,130,39,10,0,511,49,43,96,87,55,122,48,20,1,521,45,42,72,67,48,114,56,11,0,455,46,38,81,54,37,100,51,17,2,426,33,22,95,64,34,104,49,12,1,414,39,28,69,49,41,66,40,17,1,350,24,27,68,45,28,81,35,12,3,323,24,11,48,29,20,64,22,12,1,231,25,20,34,29,14,53,30,13,0,218,14,14,33,20,14,44,12,9,1,161,7,11,28,13,11,26,12,7,0,115,11,1,18,12,6,11,5,4,0,68,5,4,13,7,5,14,5,1,1,55,5,0,5,1,3,7,4,0,1,26,1,1,1,2,1,1,2,0,9,0,0,1,1,1,4,1,0,8,0,0,0,1,1,0,0,0,2,1,1,1,0,0,0,0,3,0,1,0,1,1,0,3,1,1,0,0,2,0,0,0,0,1,1,7960
Pasco,0,0,0,0,0,1,1,0,6,0,6,0,2,1,0,0,3,0,10,6,2,0,0,18,4,23,20,3,0,0,50,2,18,44,6,1,0,0,71,1,28,55,12,2,0,0,0,98,4,28,50,28,5,1,0,0,0,116,3,31,47,34,15,0,0,0,0,130,0,34,60,40,13,10,0,0,0,157,5,26,56,43,14,8,1,0,0,153,3,16,52,46,18,19,2,0,1,157,3,25,46,44,17,34,3,1,0,173,4,16,31,55,17,37,7,0,0,167,5,16,42,46,26,38,11,1,0,185,5,17,51,34,22,45,13,4,2,193,2,12,31,45,27,54,20,4,1,196,3,11,30,41,24,49,18,5,0,181,1,5,26,26,17,45,20,3,0,143,3,6,25,35,17,37,12,6,0,141,5,8,28,17,12,32,9,1,2,114,1,5,18,16,12,32,15,0,0,99,2,5,12,16,8,21,11,3,1,79,1,2,10,10,8,15,8,3,1,58,1,4,9,8,4,14,5,1,0,46,0,1,12,6,4,10,3,1,1,38,0,0,7,2,4,5,1,1,1,21,0,0,2,4,0,7,2,0,0,15,1,2,0,4,1,3,0,0,0,11,0,0,0,1,1,0,1,0,0,3,0,0,1,1,1,2,0,0,5,0,0,0,0,0,0,0,0,0,0,0,1,0,0,0,0,0,1,0,0,0,0,0,0,0,0,0,0,0,0,0,0,0,0,0,0,0,0,0,0,0,0,0,0,2829
Pinellas,0,0,0,0,0,0,0,0,2,0,2,3,4,4,0,0,11,2,11,14,4,0,0,31,0,26,38,10,2,3,79,4,31,60,31,1,1,1,129,0,33,80,40,4,1,0,2,160,2,48,95,49,8,7,0,1,1,211,2,41,104,70,8,6,0,0,2,233,7,38,99,67,17,12,1,0,2,243,7,39,103,50,21,25,4,0,2,251,2,29,109,74,23,29,2,0,4,272,6,29,78,68,34,44,4,3,6,272,10,29,86,73,36,48,12,0,4,298,9,33,78,65,33,71,22,3,5,319,9,23,66,76,37,76,32,8,3,330,8,15,59,59,42,68,20,7,3,281,6,17,40,52,26,67,36,7,2,253,8,20,43,53,29,67,24,10,4,258,2,5,44,41,22,61,34,12,3,224,8,12,32,26,23,41,26,9,3,180,3,6,28,27,19,39,25,6,0,153,6,5,20,30,8,38,16,5,1,129,2,3,25,20,13,31,18,7,2,121,1,2,17,16,2,25,8,4,2,77,0,5,13,14,6,21,14,5,1,79,1,6,8,8,7,12,7,3,3,55,1,2,5,6,3,8,3,4,0,32,0,0,3,1,3,2,3,0,1,13,0,0,1,1,0,4,0,0,1,7,0,0,0,0,0,2,0,0,2,0,0,1,0,0,0,1,0,2,0,0,1,0,0,0,0,0,1,0,1,0,1,0,0,0,2,0,0,0,0,0,0,0,0,1,0,0,1,0,0,0,0,0,0,4711
Polk,0,0,0,0,1,0,1,2,4,2,8,1,6,2,0,0,9,3,18,10,2,0,0,33,9,37,31,3,0,0,80,14,51,56,16,3,0,0,140,13,65,72,45,1,0,0,0,196,17,65,129,51,8,1,0,0,0,271,21,63,127,63,15,3,0,0,0,292,15,53,106,72,17,8,0,0,1,272,12,51,119,64,21,19,2,0,0,288,20,49,104,76,22,20,7,1,2,301,26,45,102,75,30,25,1,3,0,307,20,37,105,61,25,33,11,2,0,294,25,38,86,59,30,44,8,2,0,292,23,26,102,64,41,42,14,5,0,317,14,20,55,53,23,42,14,2,1,224,18,31,67,42,18,48,21,4,1,250,15,28,53,26,14,34,17,2,1,190,9,14,40,29,17,28,11,0,1,149,13,20,42,19,12,26,9,1,0,142,11,9,28,27,9,15,11,0,0,110,9,9,16,20,7,11,7,1,0,80,9,9,18,13,5,16,4,0,0,74,9,10,12,8,2,10,0,1,1,53,3,7,9,6,4,7,4,2,1,43,5,9,3,6,6,5,3,1,0,38,2,2,3,3,1,1,1,0,0,13,0,2,5,2,1,1,1,0,0,12,0,1,0,2,1,2,0,0,0,6,0,1,0,0,0,0,0,0,1,0,0,1,0,0,1,0,0,2,0,1,0,0,1,0,0,0,2,0,0,0,0,0,0,0,0,0,0,0,0,0,0,0,0,0,0,0,0,0,0,0,0,0,0,4490
Putnam,0,0,0,0,0,0,0,0,0,0,0,1,0,0,0,0,1,1,2,1,0,0,0,4,2,6,8,0,0,0,16,5,7,12,3,0,0,0,27,3,5,18,1,2,0,0,0,29,3,11,17,8,2,0,0,0,0,41,2,10,8,11,3,0,0,0,0,34,0,3,15,9,2,0,0,0,0,29,1,11,17,9,4,0,0,0,1,43,3,7,21,9,6,1,0,0,0,47,2,5,11,12,5,3,1,0,0,39,4,6,8,7,3,1,0,0,0,29,0,2,11,4,1,2,0,1,0,21,7,6,11,3,5,1,1,0,0,34,3,1,9,2,2,2,0,0,0,19,5,5,5,2,1,1,1,0,0,20,2,2,4,2,0,3,0,0,0,13,0,1,8,2,0,2,1,0,0,14,1,1,3,3,2,0,0,0,0,10,1,0,0,1,2,1,0,0,0,5,0,0,6,1,1,0,1,0,0,9,1,1,2,1,0,1,0,0,0,6,0,2,1,0,0,0,0,0,0,3,1,0,2,0,0,0,0,0,0,3,2,0,0,0,0,1,1,0,0,4,0,0,1,0,0,0,0,0,0,1,0,0,0,0,0,0,0,0,0,0,0,0,0,0,0,0,0,0,0,0,0,0,0,0,0,0,0,0,0,0,0,0,0,0,0,0,0,0,0,0,0,0,0,0,0,0,0,0,0,0,0,0,0,0,0,0,0,0,0,0,0,0,0,0,0,0,0,0,0,0,0,0,0,501
Saint Johns,0,0,0,0,0,0,0,0,1,0,1,0,0,0,0,0,0,0,2,2,0,0,0,4,1,5,10,1,0,0,17,1,4,6,3,0,0,0,14,0,2,10,8,0,0,0,0,20,1,3,17,8,1,0,0,0,0,30,0,2,16,7,2,0,0,0,0,27,0,2,14,9,5,4,0,0,0,34,0,5,15,11,1,6,1,0,0,39,0,0,11,11,9,11,1,0,0,43,1,3,11,17,7,12,2,0,1,54,0,3,13,10,4,17,4,0,0,51,0,0,12,14,11,23,5,1,1,67,1,1,13,18,6,33,10,3,0,85,1,2,9,14,8,30,12,4,2,82,1,0,6,12,5,36,11,2,1,74,0,0,8,13,9,32,14,3,0,79,0,0,4,9,5,35,8,6,1,68,0,0,4,9,3,32,11,4,0,63,0,1,8,7,4,19,10,1,0,50,0,2,4,8,7,9,5,3,0,38,0,1,4,4,1,20,3,2,0,35,0,0,3,2,3,9,4,0,0,21,0,0,1,2,3,8,1,2,0,17,0,0,1,3,1,6,2,0,0,13,0,0,2,2,2,4,0,1,0,11,0,0,0,2,2,2,0,0,0,6,0,0,0,1,0,1,0,0,0,2,0,0,1,0,0,0,1,0,2,0,0,0,1,0,0,0,0,1,0,0,0,0,0,1,0,0,1,0,0,0,0,0,0,0,0,0,0,0,0,0,0,0,0,0,0,0,0,0,0,0,0,0,0,1049
Saint Lucie,0,0,0,0,0,0,0,1,1,1,3,1,3,1,0,0,5,0,8,7,0,2,0,17,2,12,13,2,1,0,30,2,10,25,6,3,0,0,46,3,15,36,10,7,1,0,1,73,3,14,48,20,6,2,0,0,1,94,4,16,50,21,8,1,0,0,1,101,2,23,42,24,8,1,0,0,2,102,3,7,53,27,10,8,1,0,2,111,4,25,56,21,19,9,5,0,2,141,5,10,49,20,16,9,2,1,1,113,5,12,51,18,19,9,5,0,2,121,5,10,32,18,19,20,6,1,1,112,4,11,25,28,15,21,3,1,2,110,4,5,33,21,8,18,4,1,0,94,6,8,23,21,8,22,2,3,1,94,6,10,31,15,12,16,7,0,1,98,1,7,25,6,11,10,7,2,3,72,4,8,15,13,12,12,11,2,0,77,4,3,23,16,10,10,4,0,2,72,1,5,10,8,6,9,7,1,0,47,2,6,14,7,7,3,2,1,1,43,2,3,14,7,4,7,4,0,2,43,3,2,5,11,5,3,1,0,0,30,2,2,4,2,4,2,1,0,0,17,1,2,2,2,1,1,0,0,0,9,0,1,0,0,0,0,2,0,0,3,1,0,3,2,1,0,0,0,0,7,0,0,0,0,0,0,0,0,0,0,0,0,0,2,0,0,0,2,0,0,0,0,0,0,0,0,0,0,0,0,0,0,0,0,0,0,0,0,0,0,0,0,0,0,0,0,0,0,0,0,0,0,0,1887
Santa Rosa,0,0,0,0,0,0,0,0,1,0,1,0,2,0,0,0,2,0,5,2,1,0,0,8,1,2,8,0,0,0,11,0,5,10,5,0,0,0,20,0,6,24,3,0,0,0,0,33,0,9,23,8,4,0,0,0,0,44,0,6,22,11,12,1,0,0,0,52,0,7,24,10,10,5,1,0,0,57,1,6,35,12,6,7,0,0,0,67,0,6,29,18,7,15,0,1,1,77,1,2,22,12,10,16,0,0,0,63,0,5,15,17,16,16,1,1,0,71,0,6,18,5,14,27,3,0,0,73,2,7,22,17,14,25,5,2,0,94,1,1,22,10,14,11,4,2,0,65,1,3,10,10,6,18,7,2,0,57,0,1,16,5,6,15,10,3,1,57,0,4,13,5,6,8,5,1,0,42,0,1,5,5,4,9,3,0,0,27,0,0,9,2,1,5,3,1,0,21,0,2,4,8,5,4,3,0,0,26,0,0,4,4,2,7,1,2,0,20,0,0,4,2,4,3,2,0,0,15,0,0,5,2,1,2,1,0,0,11,0,0,2,0,2,2,0,0,0,6,0,0,0,0,0,2,0,0,0,2,1,0,0,0,0,0,0,0,0,1,0,0,1,0,0,0,0,0,0,1,0,0,1,0,0,0,0,0,1,0,0,0,0,0,0,0,0,0,0,0,0,0,0,1,0,0,1,0,0,0,0,0,0,0,0,0,0,0,0,0,0,0,0,0,0,0,0,0,0,0,0,1,1,1027
Sarasota,0,0,0,0,0,0,0,0,2,0,2,0,0,2,0,0,2,1,3,5,0,0,0,9,2,6,9,2,0,0,19,0,10,19,6,0,0,0,35,1,13,22,8,0,0,0,0,44,1,20,37,9,6,2,0,0,3,78,0,4,43,14,5,1,0,0,1,68,0,13,34,20,4,0,0,0,1,72,4,10,31,19,14,8,0,0,1,87,3,11,38,23,9,6,0,1,1,92,1,9,49,17,8,11,1,1,1,98,3,13,32,22,10,14,6,0,0,100,2,7,36,12,13,21,4,1,5,101,0,8,41,22,19,21,5,0,0,116,2,4,22,25,20,34,11,1,1,120,0,8,32,14,19,12,4,3,0,92,2,6,23,19,15,16,8,3,3,95,0,8,25,21,11,18,9,1,0,93,3,1,21,17,14,15,9,3,0,83,2,2,16,11,7,9,4,2,3,56,0,2,14,5,7,12,8,1,0,49,1,1,7,4,8,9,6,2,0,38,0,1,6,4,9,6,7,1,0,34,1,3,10,4,4,4,2,0,0,28,1,0,4,2,5,3,0,0,0,15,1,2,8,1,0,2,1,0,0,15,0,0,1,0,1,2,1,0,0,5,0,0,1,1,0,0,1,0,0,3,0,0,0,1,1,0,1,0,3,0,0,0,0,0,0,0,0,0,0,0,0,0,0,0,0,0,0,0,0,0,0,0,0,0,0,0,0,0,0,0,0,0,0,0,0,0,0,0,0,0,0,0,0,1652
Seminole,0,0,0,0,0,0,0,0,2,0,2,1,4,2,0,0,7,1,4,4,2,0,0,11,1,10,16,1,0,0,28,1,12,17,12,0,0,0,42,2,13,32,12,1,1,0,1,62,2,12,43,26,7,1,0,0,0,91,2,13,40,25,9,2,0,0,0,91,4,13,47,31,12,8,1,0,0,116,3,5,43,33,9,10,1,0,1,105,1,10,27,44,18,23,2,0,2,127,3,8,44,49,28,18,8,1,0,159,2,5,30,46,20,40,6,2,1,152,0,8,32,41,23,43,16,1,0,164,1,11,40,45,25,62,10,2,1,197,1,4,24,38,24,59,20,1,0,171,1,6,32,32,23,54,21,5,1,175,5,4,26,33,15,60,28,3,2,176,1,5,15,31,15,51,19,2,1,140,2,4,16,20,12,47,27,4,1,133,1,2,17,19,13,26,10,4,0,92,1,1,15,10,3,30,13,2,0,75,0,1,7,15,9,20,10,2,0,64,1,0,6,4,13,13,9,6,0,52,0,0,4,6,2,6,2,1,0,21,0,1,2,5,2,8,5,0,0,23,1,0,3,3,3,6,3,1,0,20,0,0,2,3,2,0,0,2,0,9,0,0,0,0,1,2,0,0,0,3,0,0,0,1,0,1,0,0,2,0,0,0,0,0,0,0,0,0,0,0,0,0,0,0,0,0,0,0,0,0,0,1,0,0,1,0,0,0,0,0,0,0,0,0,0,0,0,0,0,0,0,0,0,2511
Sumter,0,0,0,0,0,0,0,0,0,0,0,0,1,0,0,0,1,2,1,0,0,0,0,3,1,1,5,1,0,0,8,2,2,8,0,0,0,0,12,1,4,9,0,1,0,0,0,15,1,4,6,5,0,0,0,0,0,16,0,4,14,7,1,0,0,0,0,26,0,7,11,4,1,0,0,0,0,23,0,4,10,2,0,1,0,0,0,17,0,0,5,5,3,0,0,0,0,13,2,5,8,6,1,0,0,0,0,22,1,1,4,3,1,0,1,0,0,11,0,3,10,7,1,0,0,0,0,21,1,2,7,1,1,1,2,0,0,15,2,2,6,3,1,0,0,0,0,14,0,4,3,2,1,3,0,0,0,13,0,0,3,1,0,3,0,1,0,8,1,1,1,1,2,1,0,0,0,7,0,0,3,2,0,1,1,0,0,7,0,0,2,0,1,4,0,0,1,8,0,0,0,0,0,0,0,0,0,0,0,0,3,0,0,2,0,0,0,5,0,0,1,0,1,0,0,0,0,2,0,0,1,1,0,0,0,0,0,2,0,1,2,1,0,0,0,0,0,4,0,0,0,0,0,0,0,0,0,0,0,0,0,0,0,0,0,0,0,0,0,0,0,0,0,0,0,0,0,0,0,0,0,0,0,0,0,0,0,0,0,0,0,0,0,0,0,0,0,0,0,0,0,0,0,0,0,0,0,0,0,0,0,0,0,0,0,0,0,0,0,0,0,0,0,0,0,0,0,0,0,0,0,273
Suwannee,0,0,0,0,0,0,0,0,0,0,0,0,1,1,0,0,2,0,2,1,0,0,0,3,1,3,2,0,0,0,6,1,8,7,2,1,0,0,19,0,6,7,0,1,0,0,0,14,1,7,10,6,1,0,0,0,0,25,2,7,13,2,1,1,0,0,0,26,0,6,8,4,1,0,0,0,0,19,0,8,9,0,1,0,0,0,0,18,4,5,9,6,0,2,0,0,0,26,0,0,7,9,0,2,0,0,0,18,3,1,6,6,3,0,0,0,0,19,0,1,9,4,2,1,0,0,0,17,2,5,2,3,2,2,0,0,0,16,1,3,5,3,2,1,0,0,0,15,0,1,2,4,2,3,0,0,0,12,2,1,1,3,2,0,0,0,0,9,0,1,1,0,2,1,0,0,0,5,0,2,2,3,1,1,1,0,0,10,0,1,0,4,1,1,0,0,0,7,0,0,0,0,1,1,0,0,0,2,0,0,3,1,1,0,0,0,0,5,0,0,0,0,0,1,0,0,0,1,0,0,0,0,0,0,0,0,0,0,0,0,1,1,0,0,0,0,0,2,0,1,1,0,0,1,0,0,0,3,0,0,0,0,0,0,0,0,0,0,0,0,0,0,0,0,1,0,0,1,0,0,0,0,0,0,0,0,0,0,0,0,0,0,0,0,0,0,0,0,0,0,1,0,0,0,1,0,0,0,0,0,0,0,0,0,0,0,0,0,0,0,0,0,0,0,0,0,0,0,0,0,0,301
Taylor,0,0,0,0,0,0,0,0,0,0,0,0,0,0,0,0,0,1,1,1,0,0,0,3,0,0,1,1,0,0,2,0,1,5,0,0,0,0,6,0,0,6,1,0,0,0,0,7,0,1,4,3,0,0,0,0,0,8,0,1,6,4,0,0,0,0,0,11,0,2,7,5,1,0,0,0,0,15,0,1,4,2,1,0,2,0,0,10,0,0,4,1,2,0,0,0,0,7,0,0,1,0,1,0,0,0,0,2,0,0,5,2,2,1,0,0,0,10,0,2,3,1,1,0,0,0,0,7,0,1,4,0,3,0,1,0,0,9,0,0,0,0,1,1,0,0,0,2,0,0,0,1,0,0,0,0,0,1,0,0,1,1,0,0,0,0,0,2,0,0,4,0,1,0,0,0,0,5,0,0,0,1,1,0,0,0,0,2,0,0,1,0,0,0,0,0,0,1,0,0,0,0,0,0,0,0,0,0,0,0,0,0,0,0,0,0,0,0,0,0,2,0,0,0,0,0,0,2,0,0,1,1,0,0,0,0,0,2,0,0,0,0,0,0,0,0,0,0,0,0,0,0,0,0,0,0,0,0,0,0,1,0,0,0,0,0,0,1,0,0,0,0,0,0,0,0,0,0,0,0,0,0,0,0,0,0,0,0,0,0,0,0,0,0,0,0,0,0,0,0,0,0,0,0,0,0,0,0,0,0,0,0,0,0,0,0,0,0,0,0,0,0,0,0,0,0,0,0,0,0,0,115
Union,0,0,0,0,0,0,0,0,0,0,0,0,0,0,0,0,0,0,0,0,1,0,0,1,0,1,2,0,0,0,3,0,1,3,0,0,0,0,4,0,1,6,3,0,0,0,0,10,0,0,4,2,0,0,0,0,0,6,0,1,3,4,1,0,0,0,0,9,0,2,2,1,0,0,0,0,0,5,0,0,5,1,2,0,0,0,0,8,1,0,3,4,1,1,0,0,0,10,0,1,3,0,1,0,1,0,0,6,0,1,2,2,0,0,0,0,0,5,1,0,4,2,0,1,1,0,0,9,0,1,3,1,1,3,0,0,0,9,0,0,4,0,1,0,0,0,0,5,1,0,1,1,0,2,0,0,0,5,0,0,0,6,0,0,0,0,0,6,0,0,0,0,1,0,0,0,0,1,0,0,1,0,1,0,0,0,0,2,0,0,0,0,0,2,0,0,0,2,0,0,1,0,0,0,0,0,0,1,0,0,1,0,0,0,0,0,0,1,0,0,0,0,0,0,0,0,0,0,0,0,0,0,0,0,0,0,0,0,0,0,0,1,0,0,0,0,0,1,0,0,0,0,0,0,0,0,0,0,0,0,0,0,0,0,0,0,0,0,0,0,0,0,0,0,0,0,0,0,0,0,0,0,0,0,0,0,0,0,0,0,0,0,0,0,0,0,0,0,0,0,0,0,0,0,0,0,0,0,0,0,0,0,0,0,0,0,0,0,0,0,0,0,0,0,0,0,0,0,0,0,0,109
Volusia,0,0,0,0,0,0,0,0,0,0,0,0,4,1,0,0,5,0,10,8,1,0,0,19,0,16,10,5,1,0,32,3,21,30,8,0,0,2,64,6,30,43,26,2,1,0,0,108,5,25,47,26,5,3,0,0,0,111,2,28,52,43,15,4,1,0,1,146,5,30,53,48,15,4,0,0,1,156,2,19,75,47,18,8,1,0,0,170,5,19,54,45,24,21,1,0,0,169,5,17,44,55,19,13,6,0,0,159,3,18,53,49,26,22,9,1,1,182,4,13,46,40,23,34,4,0,0,164,1,15,41,35,30,21,6,1,3,153,6,14,30,38,19,36,6,1,0,150,5,7,28,27,30,25,9,3,1,135,1,8,33,32,20,23,10,0,1,128,3,10,16,27,20,21,11,1,0,109,0,3,10,19,15,26,4,2,1,80,0,4,17,21,4,11,5,3,0,65,0,2,17,14,10,17,4,3,0,67,2,5,9,10,6,10,2,1,0,45,3,2,7,3,7,4,1,3,0,30,1,1,6,8,7,4,5,0,0,32,0,0,5,5,4,2,1,0,0,17,0,1,4,3,2,0,0,1,0,11,0,1,1,1,1,1,1,0,0,6,0,1,4,0,0,1,0,0,0,6,0,0,0,1,1,0,0,0,2,0,0,0,2,0,0,0,0,2,0,0,0,0,0,1,0,0,1,0,0,0,0,0,0,0,0,0,0,0,0,0,0,0,0,0,0,0,0,0,0,0,0,0,0,2524
Wakulla,0,0,0,0,0,0,0,0,0,0,0,0,0,0,0,0,0,0,0,0,0,0,0,0,1,1,1,0,0,0,3,0,0,0,1,0,0,0,1,0,3,3,0,0,0,0,0,6,0,0,3,2,0,0,0,0,0,5,0,0,4,5,0,0,0,0,0,9,1,0,5,5,0,2,0,0,0,13,0,0,4,2,1,1,1,0,0,9,0,0,5,2,1,1,0,0,0,9,0,1,4,6,4,3,0,0,0,18,0,3,2,3,3,3,1,0,0,15,0,1,4,7,3,1,1,0,0,17,0,0,2,3,4,4,0,0,0,13,0,1,2,4,1,6,1,0,0,15,0,0,2,5,1,4,0,0,0,12,0,0,1,1,0,2,0,0,0,4,0,0,3,2,2,1,1,0,1,10,0,0,2,1,0,2,2,0,0,7,0,0,3,0,0,1,0,0,0,4,0,0,2,1,0,3,0,0,0,6,0,0,0,1,2,1,0,0,0,4,0,0,0,1,0,0,0,0,0,1,0,0,0,1,0,1,0,0,0,2,0,0,0,0,0,0,0,0,0,0,0,0,0,0,0,0,0,0,0,0,0,0,0,0,0,0,0,0,0,0,0,0,0,0,0,0,0,0,0,0,0,0,0,0,0,0,0,0,0,0,0,0,0,0,0,0,0,0,0,0,0,0,0,0,0,0,0,0,0,0,0,0,0,0,0,0,0,0,0,0,0,0,0,0,0,0,0,0,0,0,0,0,0,183
Walton,0,0,0,0,0,0,0,0,0,0,0,0,2,0,0,0,2,0,2,1,0,0,0,3,1,2,2,1,0,0,6,0,2,6,0,0,0,0,8,0,3,10,1,0,0,0,0,14,0,1,17,5,1,0,0,0,0,24,0,4,6,4,2,0,0,0,0,16,0,2,9,1,0,0,0,0,0,12,2,5,10,9,1,3,0,0,0,30,1,3,13,9,2,0,0,0,0,28,0,4,10,5,4,2,0,0,0,25,1,2,7,6,2,8,0,0,0,26,2,2,8,4,3,3,0,0,0,22,0,1,5,3,2,5,1,0,0,17,2,3,6,1,1,8,3,0,0,24,0,1,1,6,2,8,3,1,0,22,0,0,3,3,0,3,3,1,0,13,0,2,3,5,3,3,1,0,0,17,1,1,1,2,2,7,2,2,0,18,0,0,2,0,0,1,2,1,0,6,0,1,1,1,2,5,0,0,0,10,0,0,0,0,2,2,0,0,0,4,1,0,3,1,1,0,1,0,0,7,0,0,1,0,0,1,0,0,0,2,0,0,1,0,0,1,0,0,0,2,0,1,0,0,0,1,0,0,0,2,0,0,0,0,0,0,0,0,0,0,0,0,0,0,0,0,0,0,0,0,0,0,0,0,0,0,0,0,0,0,0,0,0,0,0,0,0,0,0,0,0,0,0,0,0,0,0,0,0,0,0,0,1,0,1,0,0,0,0,0,0,0,0,0,0,0,0,0,0,0,0,0,0,361
Washington,0,0,0,0,0,0,0,0,1,0,1,0,1,0,0,0,1,0,0,0,0,0,0,0,0,1,6,1,0,0,8,1,2,3,0,0,0,0,6,0,1,5,3,0,0,0,0,9,2,3,5,2,0,0,0,0,1,13,0,3,3,6,0,0,0,0,0,12,0,0,2,3,1,0,0,0,0,6,0,3,4,3,1,0,0,0,1,12,0,1,7,4,2,0,0,0,0,14,0,0,0,5,1,3,1,0,0,10,0,2,6,4,0,1,0,0,0,13,0,1,3,1,1,1,1,0,0,8,0,0,2,1,0,1,0,0,2,6,1,2,1,2,0,1,2,0,1,10,0,1,1,0,2,5,2,0,0,11,1,0,1,0,0,0,0,0,0,2,0,1,0,0,0,1,0,0,0,2,0,2,2,1,1,0,0,0,0,6,0,1,0,0,0,1,0,1,1,4,0,1,0,0,0,0,0,0,0,1,0,0,1,0,0,0,0,0,0,1,0,0,1,0,0,0,0,0,0,1,0,0,0,0,0,0,0,0,0,0,0,0,1,0,0,0,0,0,0,1,0,0,0,0,0,0,0,0,0,0,0,0,0,0,0,0,0,0,0,0,0,0,0,0,0,0,0,0,0,0,0,0,0,0,0,0,0,0,0,0,0,0,0,0,0,0,0,0,0,0,0,0,0,0,0,0,0,0,0,0,0,0,0,0,0,0,0,0,0,0,0,0,0,0,0,0,0,0,0,0,0,0,0,158
Unknown,0,0,0,0,0,0,0,0,0,0,0,0,0,0,0,0,0,0,0,0,0,0,0,0,0,0,0,0,0,0,0,0,0,0,0,0,0,1,1,0,0,1,0,0,0,0,0,1,0,0,0,0,0,0,0,0,0,0,0,0,0,0,0,0,0,0,0,0,0,0,1,0,0,0,0,0,0,1,0,0,0,0,0,0,0,0,0,0,0,0,0,0,0,0,0,0,0,0,0,0,0,1,0,0,0,0,0,1,0,0,0,0,0,0,0,0,0,0,0,0,0,0,0,0,0,0,0,0,0,0,0,0,0,0,0,0,0,0,0,0,0,0,0,0,0,0,0,0,0,0,0,0,0,0,0,0,0,0,0,0,0,0,0,0,0,0,0,0,0,0,0,0,0,0,0,0,0,0,0,0,0,0,0,0,0,0,0,0,0,0,0,0,0,0,0,0,0,0,0,0,0,0,0,0,0,0,0,0,0,1,0,0,0,0,0,0,0,1,0,0,0,0,0,0,0,0,0,0,0,0,0,0,0,0,0,0,0,0,0,0,0,0,0,0,0,0,0,0,0,0,0,0,0,0,0,0,0,0,0,0,0,0,0,0,0,0,0,0,0,0,0,0,0,0,0,0,0,0,0,0,0,0,0,0,0,0,0,0,0,0,0,0,0,0,0,0,0,0,0,0,0,0,0,0,0,0,0,0,0,0,0,0,0,0,0,0,0,0,0,0,0,0,0,0,0,0,0,0,0,0,0,5
Total,1,1,1,1,3,8,11,21,81,6,108,28,178,51,7,2,266,67,402,326,40,5,1,841,108,678,820,180,15,7,1808,139,916,1385,417,52,4,14,2927,184,1026,1986,842,115,17,1,16,4187,227,1097,2541,1126,244,58,2,1,21,5317,234,1112,2574,1398,345,143,3,2,25,5836,269,989,2629,1480,496,284,14,1,28,6190,265,919,2706,1508,585,475,59,4,35,6556,306,837,2607,1738,721,711,102,16,39,7077,340,754,2507,1698,840,928,178,25,43,7313,322,730,2338,1699,881,1168,291,46,29,7504,365,664,2147,1595,895,1456,407,79,34,7642,321,649,2087,1500,932,1553,520,112,39,7713,323,513,1837,1309,874,1758,638,120,36,7408,293,453,1683,1271,835,1669,671,195,26,7096,300,426,1514,1104,711,1544,771,193,33,6596,234,329,1263,952,652,1443,688,189,27,5777,218,328,1170,815,582,1263,582,191,31,5180,182,243,1012,694,468,983,495,165,29,4271,160,209,815,606,416,923,422,141,11,3703,145,177,629,432,348,686,320,123,15,2875,112,147,551,374,267,557,283,96,16,2403,69,116,405,304,195,444,190,79,5,1807,64,85,304,177,142,309,131,47,11,1270,43,53,193,122,87,175,79,29,1,782,25,30,118,73,49,96,50,7,10,458,11,16,62,40,27,61,34,12,4,267,4,8,28,23,17,23,13,1,117,1,3,18,8,11,18,8,2,69,4,3,7,4,3,8,3,1,33,1,5,2,1,3,4,1,17,1,4,1,2,2,1,11,2,3,2,2,9,1,1,1,1,3,5,121453
